startup_id,cohort_month,cohort_size,age_months,active_users,period_revenue,cumulative_revenue,ltv_per_user,revenue_retention_pct,logo_retention_pct
S001,2024-01-01,138,0,138,2883.81,2883.81,20.9,101.4,100.0
S001,2024-01-01,138,1,97,2109.01,4992.82,36.18,74.1,70.0
S001,2024-01-01,138,2,83,1779.22,6772.04,49.07,62.5,61.6
S001,2024-01-01,138,3,79,1931.47,8703.51,63.07,67.9,57.0
S001,2024-01-01,138,4,69,1886.97,10590.48,76.74,66.3,47.3
S001,2024-01-01,138,5,67,2069.8,12660.27,91.74,72.7,52.6
S001,2024-01-01,138,6,67,2200.32,14860.59,107.69,77.3,48.0
S001,2024-01-01,138,7,63,2285.84,17146.43,124.25,80.3,46.2
S001,2024-01-01,138,8,61,2265.61,19412.04,140.67,79.6,44.5
S001,2024-01-01,138,9,62,2555.03,21967.07,159.18,89.8,44.6
S001,2024-01-01,138,10,63,2724.61,24691.68,178.93,95.8,47.4
S001,2024-01-01,138,11,69,3399.47,28091.15,203.56,119.5,50.9
S001,2024-02-01,176,0,172,3273.99,3273.99,18.6,90.2,99.1
S001,2024-02-01,176,1,124,2594.19,5868.18,33.34,71.5,69.6
S001,2024-02-01,176,2,105,2539.26,8407.43,47.77,70.0,60.6
S001,2024-02-01,176,3,101,2713.59,11121.02,63.19,74.8,58.9
S001,2024-02-01,176,4,90,2468.45,13589.47,77.21,68.0,49.3
S001,2024-02-01,176,5,91,2740.65,16330.12,92.78,75.5,51.6
S001,2024-02-01,176,6,88,2800.17,19130.29,108.69,77.2,51.6
S001,2024-02-01,176,7,83,2846.73,21977.02,124.87,78.4,47.5
S001,2024-02-01,176,8,84,3272.49,25249.51,143.46,90.2,50.2
S001,2024-02-01,176,9,82,3656.21,28905.73,164.24,100.8,45.3
S001,2024-02-01,176,10,77,3422.81,32328.54,183.68,94.3,42.1
S001,2024-02-01,176,11,82,4016.16,36344.69,206.5,110.7,47.1
S001,2024-03-01,182,0,176,3489.88,3489.88,19.18,93.0,98.1
S001,2024-03-01,182,1,130,2839.29,6329.16,34.78,75.7,72.3
S001,2024-03-01,182,2,117,2843.81,9172.98,50.4,75.8,64.8
S001,2024-03-01,182,3,106,2771.73,11944.71,65.63,73.9,58.3
S001,2024-03-01,182,4,97,2696.02,14640.73,80.44,71.8,52.8
S001,2024-03-01,182,5,95,2850.27,17491.0,96.1,76.0,48.6
S001,2024-03-01,182,6,88,2844.41,20335.41,111.73,75.8,48.3
S001,2024-03-01,182,7,87,3059.77,23395.17,128.54,81.5,48.2
S001,2024-03-01,182,8,76,2828.69,26223.87,144.09,75.4,44.1
S001,2024-03-01,182,9,83,3282.0,29505.87,162.12,87.5,44.4
S001,2024-03-01,182,10,78,3479.99,32985.86,181.24,92.7,42.4
S001,2024-03-01,182,11,79,3798.15,36784.01,202.11,101.2,44.4
S001,2024-04-01,208,0,205,4140.3,4140.3,19.91,96.5,99.4
S001,2024-04-01,208,1,149,3432.19,7572.5,36.41,80.0,70.3
S001,2024-04-01,208,2,125,3102.76,10675.26,51.32,72.3,59.2
S001,2024-04-01,208,3,122,3340.13,14015.38,67.38,77.9,60.9
S001,2024-04-01,208,4,104,2925.27,16940.65,81.45,68.2,49.5
S001,2024-04-01,208,5,107,3424.15,20364.8,97.91,79.8,53.2
S001,2024-04-01,208,6,99,3202.93,23567.73,113.31,74.7,49.0
S001,2024-04-01,208,7,92,3300.24,26867.96,129.17,77.0,43.2
S001,2024-04-01,208,8,98,3724.17,30592.13,147.08,86.8,46.7
S001,2024-04-01,208,9,91,3718.16,34310.29,164.95,86.7,45.1
S001,2024-04-01,208,10,97,4368.82,38679.12,185.96,101.9,49.1
S001,2024-04-01,208,11,104,4965.95,43645.06,209.83,115.8,49.8
S001,2024-05-01,221,0,221,4843.77,4843.77,21.92,106.3,98.7
S001,2024-05-01,221,1,161,3781.02,8624.79,39.03,83.0,73.6
S001,2024-05-01,221,2,140,3391.33,12016.12,54.37,74.4,61.9
S001,2024-05-01,221,3,128,3494.14,15510.26,70.18,76.7,59.2
S001,2024-05-01,221,4,110,3002.95,18513.21,83.77,65.9,48.4
S001,2024-05-01,221,5,113,3566.64,22079.84,99.91,78.3,52.2
S001,2024-05-01,221,6,110,3503.58,25583.42,115.76,76.9,50.1
S001,2024-05-01,221,7,97,3352.71,28936.13,130.93,73.6,45.6
S001,2024-05-01,221,8,100,3937.2,32873.34,148.75,86.4,46.3
S001,2024-05-01,221,9,113,4667.97,37541.3,169.87,102.4,49.4
S001,2024-05-01,221,10,99,4311.44,41852.75,189.38,94.6,46.4
S001,2024-05-01,221,11,99,4745.73,46598.48,210.85,104.2,44.9
S001,2024-06-01,271,0,268,5733.9,5733.9,21.16,102.6,100.0
S001,2024-06-01,271,1,193,4118.91,9852.81,36.36,73.7,70.5
S001,2024-06-01,271,2,171,4128.19,13981.0,51.59,73.9,64.4
S001,2024-06-01,271,3,161,4218.82,18199.81,67.16,75.5,58.3
S001,2024-06-01,271,4,146,4102.9,22302.71,82.3,73.4,55.4
S001,2024-06-01,271,5,141,4136.34,26439.05,97.56,74.0,54.2
S001,2024-06-01,271,6,134,4303.33,30742.39,113.44,77.0,50.3
S001,2024-06-01,271,7,128,4526.05,35268.43,130.14,81.0,48.8
S001,2024-06-01,271,8,132,5038.44,40306.87,148.73,90.2,50.9
S001,2024-06-01,271,9,130,5388.24,45695.11,168.62,96.4,48.2
S001,2024-06-01,271,10,115,4946.4,50641.51,186.87,88.5,42.9
S001,2024-06-01,271,11,117,5620.02,56261.52,207.61,100.6,42.5
S001,2024-07-01,278,0,278,5616.59,5616.59,20.2,98.0,100.0
S001,2024-07-01,278,1,195,4276.88,9893.48,35.59,74.6,72.6
S001,2024-07-01,278,2,173,4255.55,14149.02,50.9,74.2,60.4
S001,2024-07-01,278,3,168,4673.14,18822.16,67.71,81.5,62.8
S001,2024-07-01,278,4,149,4181.81,23003.97,82.75,73.0,54.3
S001,2024-07-01,278,5,144,4271.93,27275.9,98.11,74.5,51.4
S001,2024-07-01,278,6,124,3961.37,31237.27,112.36,69.1,47.2
S001,2024-07-01,278,7,128,4482.3,35719.56,128.49,78.2,46.8
S001,2024-07-01,278,8,118,4614.75,40334.31,145.09,80.5,44.7
S001,2024-07-01,278,9,129,5529.85,45864.16,164.98,96.5,44.8
S001,2024-07-01,278,10,135,5910.6,51774.76,186.24,103.1,46.8
S001,2024-07-01,278,11,123,6143.36,57918.11,208.34,107.2,44.5
S001,2024-08-01,322,0,313,6420.56,6420.56,19.94,96.7,94.4
S001,2024-08-01,322,1,223,5309.77,11730.33,36.43,80.0,71.4
S001,2024-08-01,322,2,198,4669.49,16399.82,50.93,70.3,61.8
S001,2024-08-01,322,3,195,5143.68,21543.5,66.91,77.5,62.1
S001,2024-08-01,322,4,166,4666.53,26210.03,81.4,70.3,52.6
S001,2024-08-01,322,5,161,4571.98,30782.01,95.6,68.9,52.2
S001,2024-08-01,322,6,150,5224.45,36006.45,111.82,78.7,47.8
S001,2024-08-01,322,7,151,5402.04,41408.5,128.6,81.4,47.0
S001,2024-08-01,322,8,144,5525.32,46933.82,145.76,83.2,46.4
S001,2024-08-01,322,9,145,5886.05,52819.87,164.04,88.7,44.5
S001,2024-08-01,322,10,151,6940.79,59760.65,185.59,104.5,47.4
S001,2024-08-01,322,11,148,7021.75,66782.41,207.4,105.8,47.5
S001,2024-09-01,376,0,370,6967.26,6967.26,18.53,89.9,96.7
S001,2024-09-01,376,1,265,6208.81,13176.07,35.04,80.1,73.0
S001,2024-09-01,376,2,229,5413.8,18589.87,49.44,69.8,61.5
S001,2024-09-01,376,3,210,5649.8,24239.67,64.47,72.9,55.2
S001,2024-09-01,376,4,202,5617.92,29857.59,79.41,72.5,55.2
S001,2024-09-01,376,5,185,5491.11,35348.7,94.01,70.8,52.3
S001,2024-09-01,376,6,188,5814.14,41162.84,109.48,75.0,49.5
S001,2024-09-01,376,7,185,6315.74,47478.58,126.27,81.5,50.6
S001,2024-09-01,376,8,177,6631.04,54109.62,143.91,85.5,47.3
S001,2024-09-01,376,9,157,6748.82,60858.44,161.86,87.1,41.4
S001,2024-09-01,376,10,175,7897.19,68755.63,182.86,101.9,48.6
S001,2024-09-01,376,11,165,7965.84,76721.46,204.05,102.8,45.0
S001,2024-10-01,424,0,424,8539.67,8539.67,20.14,97.7,99.0
S001,2024-10-01,424,1,316,6392.83,14932.5,35.22,73.1,77.1
S001,2024-10-01,424,2,260,6251.54,21184.04,49.96,71.5,60.4
S001,2024-10-01,424,3,237,6456.83,27640.87,65.19,73.9,57.1
S001,2024-10-01,424,4,224,6303.26,33944.13,80.06,72.1,50.8
S001,2024-10-01,424,5,204,6110.12,40054.25,94.47,69.9,49.0
S001,2024-10-01,424,6,204,6875.18,46929.42,110.68,78.6,48.8
S001,2024-10-01,424,7,199,7484.7,54414.13,128.34,85.6,47.7
S001,2024-10-01,424,8,191,7644.32,62058.45,146.36,87.4,46.9
S001,2024-10-01,424,9,210,8632.0,70690.45,166.72,98.7,51.1
S001,2024-10-01,424,10,178,8062.86,78753.3,185.74,92.2,41.9
S001,2024-10-01,424,11,179,8790.08,87543.38,206.47,100.5,39.6
S001,2024-11-01,446,0,446,9450.49,9450.49,21.19,102.8,100.0
S001,2024-11-01,446,1,327,7764.36,17214.85,38.6,84.4,74.5
S001,2024-11-01,446,2,275,6593.22,23808.07,53.38,71.7,61.3
S001,2024-11-01,446,3,252,6268.63,30076.7,67.44,68.2,57.1
S001,2024-11-01,446,4,231,6543.38,36620.09,82.11,71.2,52.2
S001,2024-11-01,446,5,201,5908.09,42528.17,95.35,64.2,44.9
S001,2024-11-01,446,6,213,7024.26,49552.43,111.1,76.4,48.3
S001,2024-11-01,446,7,223,7949.56,57501.99,128.93,86.4,49.6
S001,2024-11-01,446,8,190,6990.87,64492.86,144.6,76.0,43.6
S001,2024-11-01,446,9,214,9150.01,73642.87,165.12,99.5,46.9
S001,2024-11-01,446,10,197,8816.79,82459.66,184.89,95.9,47.5
S001,2024-11-01,446,11,201,9974.67,92434.33,207.25,108.5,45.5
S001,2024-12-01,533,0,533,11077.97,11077.97,20.78,100.8,98.5
S001,2024-12-01,533,1,380,9027.51,20105.48,37.72,82.1,72.8
S001,2024-12-01,533,2,325,7704.66,27810.14,52.18,70.1,58.5
S001,2024-12-01,533,3,313,8406.85,36216.99,67.95,76.5,58.7
S001,2024-12-01,533,4,279,7220.47,43437.46,81.5,65.7,51.7
S001,2024-12-01,533,5,280,8757.36,52194.82,97.93,79.7,53.2
S001,2024-12-01,533,6,255,8546.26,60741.08,113.96,77.8,47.5
S001,2024-12-01,533,7,232,8196.47,68937.55,129.34,74.6,44.3
S001,2024-12-01,533,8,257,9437.42,78374.97,147.04,85.9,48.1
S001,2024-12-01,533,9,244,9787.92,88162.89,165.41,89.1,46.6
S001,2024-12-01,533,10,247,10922.89,99085.78,185.9,99.4,49.6
S001,2024-12-01,533,11,236,11240.04,110325.82,206.99,102.3,43.6
S001,2025-01-01,576,0,569,10915.7,10915.7,18.95,91.9,98.6
S001,2025-01-01,576,1,415,8293.67,19209.37,33.35,69.8,72.0
S001,2025-01-01,576,2,357,8769.18,27978.56,48.57,73.8,63.9
S001,2025-01-01,576,3,332,8417.03,36395.59,63.19,70.9,56.6
S001,2025-01-01,576,4,306,8416.05,44811.64,77.8,70.9,51.3
S001,2025-01-01,576,5,315,9444.97,54256.61,94.2,79.5,53.8
S001,2025-01-01,576,6,251,8426.0,62682.61,108.82,70.9,42.1
S001,2025-01-01,576,7,271,9838.5,72521.11,125.9,82.8,45.6
S001,2025-01-01,576,8,265,10516.91,83038.02,144.16,88.6,42.5
S001,2025-01-01,576,9,255,10279.34,93317.36,162.01,86.6,44.1
S001,2025-01-01,576,10,258,11210.53,104527.89,181.47,94.4,43.9
S001,2025-01-01,576,11,250,11930.8,116458.69,202.19,100.5,43.8
S001,2025-02-01,663,0,663,14103.16,14103.16,21.27,103.2,98.7
S001,2025-02-01,663,1,477,11754.18,25857.34,39.0,86.0,73.5
S001,2025-02-01,663,2,405,10380.55,36237.89,54.66,75.9,60.5
S001,2025-02-01,663,3,362,9907.43,46145.32,69.6,72.5,52.7
S001,2025-02-01,663,4,319,9248.44,55393.77,83.55,67.7,48.2
S001,2025-02-01,663,5,333,9967.8,65361.57,98.58,72.9,49.9
S001,2025-02-01,663,6,312,10012.81,75374.38,113.69,73.2,46.5
S001,2025-02-01,663,7,306,10559.21,85933.59,129.61,77.2,45.4
S001,2025-02-01,663,8,271,10527.62,96461.21,145.49,77.0,41.6
S001,2025-02-01,663,9,303,12560.26,109021.47,164.44,91.9,46.2
S001,2025-02-01,663,10,288,12666.34,121687.81,183.54,92.7,44.3
S001,2025-03-01,735,0,735,16344.72,16344.72,22.24,107.9,100.0
S001,2025-03-01,735,1,518,11242.15,27586.87,37.53,74.2,69.0
S001,2025-03-01,735,2,459,9780.37,37367.24,50.84,64.5,61.9
S001,2025-03-01,735,3,407,9950.57,47317.81,64.38,65.7,56.6
S001,2025-03-01,735,4,365,10336.23,57654.05,78.44,68.2,53.9
S001,2025-03-01,735,5,343,10340.15,67994.19,92.51,68.2,46.2
S001,2025-03-01,735,6,343,11483.16,79477.35,108.13,75.8,48.5
S001,2025-03-01,735,7,356,12322.04,91799.39,124.9,81.3,52.2
S001,2025-03-01,735,8,312,11584.57,103383.96,140.66,76.4,42.7
S001,2025-03-01,735,9,339,14137.56,117521.52,159.89,93.3,48.5
S001,2025-04-01,819,0,819,16399.32,16399.32,20.02,97.1,100.0
S001,2025-04-01,819,1,584,12817.92,29217.24,35.67,75.9,72.2
S001,2025-04-01,819,2,524,11444.6,40661.84,49.65,67.8,64.6
S001,2025-04-01,819,3,454,12221.9,52883.74,64.57,72.4,55.1
S001,2025-04-01,819,4,447,12236.31,65120.05,79.51,72.5,51.3
S001,2025-04-01,819,5,426,12546.22,77666.26,94.83,74.3,49.7
S001,2025-04-01,819,6,393,12764.31,90430.57,110.42,75.6,49.3
S001,2025-04-01,819,7,399,14137.14,104567.71,127.68,83.7,47.5
S001,2025-04-01,819,8,381,14602.92,119170.63,145.51,86.5,47.4
S001,2025-05-01,910,0,902,19056.99,19056.99,20.94,101.6,100.0
S001,2025-05-01,910,1,672,15018.93,34075.92,37.45,80.0,73.2
S001,2025-05-01,910,2,571,13108.77,47184.69,51.85,69.9,61.6
S001,2025-05-01,910,3,537,14163.32,61348.01,67.42,75.5,58.5
S001,2025-05-01,910,4,488,14316.79,75664.8,83.15,76.3,53.0
S001,2025-05-01,910,5,447,13294.72,88959.52,97.76,70.9,50.6
S001,2025-05-01,910,6,454,15483.32,104442.85,114.77,82.5,51.5
S001,2025-05-01,910,7,397,14139.86,118582.7,130.31,75.4,42.1
S001,2025-06-01,1024,0,1024,21968.56,21968.56,21.45,104.1,98.7
S001,2025-06-01,1024,1,689,15466.73,37435.28,36.56,73.3,71.3
S001,2025-06-01,1024,2,630,15180.4,52615.68,51.38,71.9,64.3
S001,2025-06-01,1024,3,585,15320.99,67936.67,66.34,72.6,57.8
S001,2025-06-01,1024,4,537,14451.18,82387.85,80.46,68.4,50.5
S001,2025-06-01,1024,5,550,16763.25,99151.1,96.83,79.4,53.9
S001,2025-06-01,1024,6,489,16381.21,115532.31,112.82,77.6,51.6
S002,2024-04-01,85,0,84,2734.47,2734.47,32.17,97.5,98.2
S002,2024-04-01,85,1,52,1809.22,4543.68,53.46,64.5,61.8
S002,2024-04-01,85,2,44,1482.51,6026.2,70.9,52.9,51.9
S002,2024-04-01,85,3,43,1538.48,7564.68,89.0,54.9,49.1
S002,2024-04-01,85,4,36,1326.48,8891.15,104.6,47.3,39.5
S002,2024-04-01,85,5,35,1330.07,10221.22,120.25,47.4,42.9
S002,2024-04-01,85,6,37,1498.74,11719.96,137.88,53.5,43.3
S002,2024-04-01,85,7,31,1337.17,13057.14,153.61,47.7,36.9
S002,2024-04-01,85,8,32,1336.13,14393.27,169.33,47.7,38.3
S002,2024-04-01,85,9,31,1316.19,15709.46,184.82,47.0,35.9
S002,2024-04-01,85,10,31,1357.15,17066.61,200.78,48.4,35.9
S002,2024-04-01,85,11,30,1361.91,18428.52,216.81,48.6,38.5
S002,2024-05-01,56,0,56,1916.66,1916.66,34.23,103.8,96.9
S002,2024-05-01,56,1,36,1209.53,3126.19,55.82,65.5,62.2
S002,2024-05-01,56,2,29,982.46,4108.65,73.37,53.2,56.1
S002,2024-05-01,56,3,27,1007.36,5116.02,91.36,54.5,51.0
S002,2024-05-01,56,4,23,841.68,5957.7,106.39,45.6,42.5
S002,2024-05-01,56,5,22,856.81,6814.51,121.69,46.4,39.2
S002,2024-05-01,56,6,21,841.91,7656.42,136.72,45.6,39.9
S002,2024-05-01,56,7,21,876.13,8532.55,152.37,47.4,36.7
S002,2024-05-01,56,8,21,889.8,9422.35,168.26,48.2,38.8
S002,2024-05-01,56,9,21,877.39,10299.73,183.92,47.5,39.0
S002,2024-05-01,56,10,20,875.99,11175.73,199.57,47.4,38.2
S002,2024-05-01,56,11,19,840.63,12016.36,214.58,45.5,32.3
S002,2024-06-01,92,0,89,3091.4,3091.4,33.6,101.9,94.3
S002,2024-06-01,92,1,62,2119.19,5210.59,56.64,69.8,68.2
S002,2024-06-01,92,2,49,1734.0,6944.59,75.48,57.1,53.9
S002,2024-06-01,92,3,46,1663.01,8607.6,93.56,54.8,50.4
S002,2024-06-01,92,4,39,1445.43,10053.03,109.27,47.6,43.7
S002,2024-06-01,92,5,35,1290.97,11344.0,123.3,42.5,39.7
S002,2024-06-01,92,6,37,1450.25,12794.25,139.07,47.8,40.4
S002,2024-06-01,92,7,36,1440.78,14235.02,154.73,47.5,38.5
S002,2024-06-01,92,8,35,1427.99,15663.01,170.25,47.1,39.0
S002,2024-06-01,92,9,30,1321.82,16984.83,184.62,43.6,34.3
S002,2024-06-01,92,10,34,1540.37,18525.21,201.36,50.8,40.0
S002,2024-06-01,92,11,34,1489.58,20014.79,217.55,49.1,36.1
S002,2024-07-01,83,0,83,2780.31,2780.31,33.5,101.6,98.9
S002,2024-07-01,83,1,54,1793.56,4573.87,55.11,65.5,64.5
S002,2024-07-01,83,2,43,1464.81,6038.68,72.76,53.5,50.2
S002,2024-07-01,83,3,38,1409.49,7448.17,89.74,51.5,44.6
S002,2024-07-01,83,4,40,1504.51,8952.67,107.86,55.0,49.5
S002,2024-07-01,83,5,33,1284.8,10237.47,123.34,46.9,39.4
S002,2024-07-01,83,6,33,1384.02,11621.49,140.02,50.6,40.1
S002,2024-07-01,83,7,34,1355.18,12976.67,156.35,49.5,41.2
S002,2024-07-01,83,8,34,1399.14,14375.81,173.2,51.1,44.3
S002,2024-07-01,83,9,31,1316.54,15692.35,189.06,48.1,39.4
S002,2024-07-01,83,10,32,1438.22,17130.56,206.39,52.5,36.6
S002,2024-07-01,83,11,28,1271.33,18401.89,221.71,46.4,34.4
S002,2024-08-01,99,0,99,3132.83,3132.83,31.64,96.0,100.0
S002,2024-08-01,99,1,65,2244.4,5377.23,54.32,68.7,67.8
S002,2024-08-01,99,2,56,1985.07,7362.3,74.37,60.8,56.6
S002,2024-08-01,99,3,44,1604.58,8966.88,90.57,49.1,45.0
S002,2024-08-01,99,4,44,1577.07,10543.96,106.5,48.3,42.9
S002,2024-08-01,99,5,43,1642.31,12186.27,123.09,50.3,45.1
S002,2024-08-01,99,6,39,1536.98,13723.25,138.62,47.1,41.5
S002,2024-08-01,99,7,37,1504.32,15227.57,153.81,46.1,37.3
S002,2024-08-01,99,8,36,1492.88,16720.46,168.89,45.7,37.5
S002,2024-08-01,99,9,35,1550.05,18270.51,184.55,47.5,34.7
S002,2024-08-01,99,10,36,1579.78,19850.29,200.51,48.4,38.8
S002,2024-08-01,99,11,36,1680.62,21530.91,217.48,51.5,34.2
S002,2024-09-01,100,0,100,3306.23,3306.23,33.06,100.2,100.0
S002,2024-09-01,100,1,63,2228.86,5535.1,55.35,67.6,67.4
S002,2024-09-01,100,2,54,1865.32,7400.42,74.0,56.6,56.5
S002,2024-09-01,100,3,51,1811.28,9211.7,92.12,54.9,50.5
S002,2024-09-01,100,4,43,1538.32,10750.02,107.5,46.6,42.1
S002,2024-09-01,100,5,39,1461.14,12211.16,122.11,44.3,39.9
S002,2024-09-01,100,6,40,1637.22,13848.38,138.48,49.6,39.0
S002,2024-09-01,100,7,40,1613.89,15462.27,154.62,48.9,40.9
S002,2024-09-01,100,8,39,1585.56,17047.84,170.48,48.1,39.9
S002,2024-09-01,100,9,37,1610.39,18658.22,186.58,48.8,37.8
S002,2024-09-01,100,10,41,1791.07,20449.29,204.49,54.3,41.1
S002,2024-09-01,100,11,34,1533.29,21982.58,219.83,46.5,33.8
S002,2024-10-01,113,0,113,3662.25,3662.25,32.41,98.3,98.8
S002,2024-10-01,113,1,74,2472.88,6135.13,54.29,66.4,66.9
S002,2024-10-01,113,2,62,2075.31,8210.44,72.66,55.7,57.7
S002,2024-10-01,113,3,58,2054.67,10265.11,90.84,55.1,51.0
S002,2024-10-01,113,4,50,1872.69,12137.8,107.41,50.2,45.6
S002,2024-10-01,113,5,52,1978.91,14116.71,124.93,53.1,44.8
S002,2024-10-01,113,6,42,1623.26,15739.97,139.29,43.6,37.2
S002,2024-10-01,113,7,48,1922.1,17662.07,156.3,51.6,42.9
S002,2024-10-01,113,8,42,1804.59,19466.66,172.27,48.4,41.8
S002,2024-10-01,113,9,40,1701.68,21168.35,187.33,45.7,37.5
S002,2024-10-01,113,10,43,1985.27,23153.62,204.9,53.3,39.2
S002,2024-10-01,113,11,39,1803.47,24957.09,220.86,48.4,36.9
S002,2024-11-01,113,0,113,3847.28,3847.28,34.05,103.2,100.0
S002,2024-11-01,113,1,76,2630.98,6478.26,57.33,70.6,67.5
S002,2024-11-01,113,2,62,2244.09,8722.35,77.19,60.2,54.1
S002,2024-11-01,113,3,55,1960.47,10682.82,94.54,52.6,48.8
S002,2024-11-01,113,4,52,1940.14,12622.96,111.71,52.1,46.6
S002,2024-11-01,113,5,44,1715.08,14338.05,126.89,46.0,40.2
S002,2024-11-01,113,6,50,1953.61,16291.65,144.17,52.4,44.7
S002,2024-11-01,113,7,44,1854.11,18145.76,160.58,49.8,39.4
S002,2024-11-01,113,8,43,1822.6,19968.36,176.71,48.9,38.8
S002,2024-11-01,113,9,40,1729.02,21697.38,192.01,46.4,37.7
S002,2024-11-01,113,10,39,1733.76,23431.14,207.36,46.5,33.9
S002,2024-11-01,113,11,43,1897.54,25328.69,224.15,50.9,37.6
S002,2024-12-01,113,0,113,3719.32,3719.32,32.91,99.8,99.2
S002,2024-12-01,113,1,77,2504.15,6223.47,55.07,67.2,65.5
S002,2024-12-01,113,2,63,2172.65,8396.12,74.3,58.3,54.3
S002,2024-12-01,113,3,55,1995.51,10391.63,91.96,53.5,48.6
S002,2024-12-01,113,4,46,1747.62,12139.25,107.43,46.9,42.4
S002,2024-12-01,113,5,47,1883.74,14022.99,124.1,50.5,40.2
S002,2024-12-01,113,6,41,1586.21,15609.2,138.13,42.6,36.9
S002,2024-12-01,113,7,44,1774.08,17383.28,153.83,47.6,40.0
S002,2024-12-01,113,8,40,1728.88,19112.16,169.13,46.4,35.4
S002,2024-12-01,113,9,44,1908.47,21020.62,186.02,51.2,39.9
S002,2024-12-01,113,10,43,1925.12,22945.74,203.06,51.7,39.1
S002,2024-12-01,113,11,43,1971.49,24917.23,220.51,52.9,39.7
S002,2025-01-01,112,0,112,3618.01,3618.01,32.3,97.9,100.0
S002,2025-01-01,112,1,72,2342.79,5960.8,53.22,63.4,65.1
S002,2025-01-01,112,2,60,2149.75,8110.55,72.42,58.2,52.7
S002,2025-01-01,112,3,52,1775.73,9886.28,88.27,48.1,46.4
S002,2025-01-01,112,4,43,1528.02,11414.3,101.91,41.4,40.3
S002,2025-01-01,112,5,48,1855.6,13269.9,118.48,50.2,42.1
S002,2025-01-01,112,6,44,1732.56,15002.46,133.95,46.9,38.2
S002,2025-01-01,112,7,47,1947.62,16950.08,151.34,52.7,41.7
S002,2025-01-01,112,8,42,1763.43,18713.51,167.08,47.7,35.0
S002,2025-01-01,112,9,40,1693.98,20407.49,182.21,45.9,35.0
S002,2025-01-01,112,10,40,1844.8,22252.3,198.68,49.9,37.4
S002,2025-01-01,112,11,39,1802.76,24055.06,214.78,48.8,37.0
S002,2025-02-01,127,0,127,4106.31,4106.31,32.33,98.0,100.0
S002,2025-02-01,127,1,83,2893.77,7000.07,55.12,69.1,66.7
S002,2025-02-01,127,2,72,2480.64,9480.71,74.65,59.2,59.1
S002,2025-02-01,127,3,61,2324.92,11805.63,92.96,55.5,47.4
S002,2025-02-01,127,4,60,2239.04,14044.67,110.59,53.5,46.5
S002,2025-02-01,127,5,52,1971.45,16016.12,126.11,47.1,41.7
S002,2025-02-01,127,6,52,2017.92,18034.04,142.0,48.2,41.0
S002,2025-02-01,127,7,54,2283.6,20317.64,159.98,54.5,43.9
S002,2025-02-01,127,8,48,2011.11,22328.75,175.82,48.0,39.0
S002,2025-02-01,127,9,44,1882.06,24210.81,190.64,44.9,32.5
S002,2025-02-01,127,10,48,2158.54,26369.36,207.63,51.5,37.1
S002,2025-03-01,138,0,134,4223.1,4223.1,30.6,92.8,97.9
S002,2025-03-01,138,1,92,3280.11,7503.21,54.37,72.1,66.4
S002,2025-03-01,138,2,78,2726.1,10229.31,74.13,59.9,56.9
S002,2025-03-01,138,3,68,2494.96,12724.27,92.2,54.8,47.4
S002,2025-03-01,138,4,64,2463.96,15188.23,110.06,54.1,46.0
S002,2025-03-01,138,5,59,2284.89,17473.12,126.62,50.2,43.2
S002,2025-03-01,138,6,53,2051.54,19524.66,141.48,45.1,38.9
S002,2025-03-01,138,7,57,2342.98,21867.64,158.46,51.5,40.8
S002,2025-03-01,138,8,54,2102.2,23969.84,173.69,46.2,41.3
S002,2025-03-01,138,9,46,1962.78,25932.62,187.92,43.1,31.8
S002,2025-04-01,115,0,115,3738.92,3738.92,32.51,98.6,100.0
S002,2025-04-01,115,1,74,2549.04,6287.96,54.68,67.2,65.0
S002,2025-04-01,115,2,60,2159.09,8447.05,73.45,56.9,51.7
S002,2025-04-01,115,3,51,1816.11,10263.16,89.24,47.9,47.1
S002,2025-04-01,115,4,52,1912.08,12175.24,105.87,50.4,45.2
S002,2025-04-01,115,5,47,1894.55,14069.79,122.35,50.0,41.9
S002,2025-04-01,115,6,46,1858.87,15928.66,138.51,49.0,41.2
S002,2025-04-01,115,7,44,1776.06,17704.72,153.95,46.8,38.4
S002,2025-04-01,115,8,43,1827.75,19532.47,169.85,48.2,38.0
S002,2025-05-01,140,0,139,4595.16,4595.16,32.82,99.5,96.8
S002,2025-05-01,140,1,93,3191.38,7786.54,55.62,69.1,68.3
S002,2025-05-01,140,2,68,2521.23,10307.77,73.63,54.6,49.0
S002,2025-05-01,140,3,70,2449.88,12757.65,91.13,53.1,51.1
S002,2025-05-01,140,4,58,2116.74,14874.39,106.25,45.8,44.8
S002,2025-05-01,140,5,58,2230.12,17104.51,122.18,48.3,42.9
S002,2025-05-01,140,6,57,2253.23,19357.74,138.27,48.8,41.5
S002,2025-05-01,140,7,61,2470.72,21828.47,155.92,53.5,44.1
S002,2025-06-01,149,0,149,5090.9,5090.9,34.17,103.6,100.0
S002,2025-06-01,149,1,93,3311.07,8401.96,56.39,67.4,61.0
S002,2025-06-01,149,2,82,2807.21,11209.17,75.23,57.1,55.5
S002,2025-06-01,149,3,72,2617.89,13827.06,92.8,53.3,49.3
S002,2025-06-01,149,4,70,2630.1,16457.16,110.45,53.5,46.9
S002,2025-06-01,149,5,65,2562.46,19019.62,127.65,52.1,42.1
S002,2025-06-01,149,6,61,2444.95,21464.56,144.06,49.8,40.7
S002,2025-07-01,157,0,156,5164.48,5164.48,32.89,99.7,99.4
S002,2025-07-01,157,1,102,3353.06,8517.54,54.25,64.8,62.9
S002,2025-07-01,157,2,91,3106.88,11624.43,74.04,60.0,56.7
S002,2025-07-01,157,3,68,2407.15,14031.57,89.37,46.5,41.7
S002,2025-07-01,157,4,74,2821.56,16853.13,107.34,54.5,46.3
S002,2025-07-01,157,5,73,2862.67,19715.8,125.58,55.3,46.0
S002,2025-08-01,124,0,124,3917.22,3917.22,31.59,95.8,97.5
S002,2025-08-01,124,1,83,3021.96,6939.18,55.96,73.9,69.1
S002,2025-08-01,124,2,69,2455.25,9394.43,75.76,60.0,57.4
S002,2025-08-01,124,3,61,2215.48,11609.91,93.63,54.2,49.7
S002,2025-08-01,124,4,54,1963.73,13573.64,109.46,48.0,43.5
S002,2025-09-01,138,0,137,4382.83,4382.83,31.76,96.3,98.1
S002,2025-09-01,138,1,90,3182.53,7565.36,54.82,69.9,66.7
S002,2025-09-01,138,2,71,2413.92,9979.28,72.31,53.0,53.3
S002,2025-09-01,138,3,63,2256.25,12235.54,88.66,49.6,46.9
S003,2024-06-01,90,0,90,1083.3,1083.3,12.04,101.9,100.0
S003,2024-06-01,90,1,47,593.19,1676.49,18.63,55.8,53.0
S003,2024-06-01,90,2,34,364.69,2041.18,22.68,34.3,39.6
S003,2024-06-01,90,3,29,328.73,2369.91,26.33,30.9,32.9
S003,2024-06-01,90,4,22,220.53,2590.44,28.78,20.7,26.2
S003,2024-06-01,90,5,17,174.95,2765.39,30.73,16.5,19.0
S003,2024-06-01,90,6,16,150.98,2916.37,32.4,14.2,19.6
S003,2024-06-01,90,7,14,126.75,3043.11,33.81,11.9,14.8
S003,2024-06-01,90,8,16,112.16,3155.27,35.06,10.5,19.0
S003,2024-06-01,90,9,11,106.36,3261.62,36.24,10.0,10.6
S003,2024-06-01,90,10,12,76.07,3337.69,37.09,7.2,13.5
S003,2024-06-01,90,11,11,87.39,3425.08,38.06,8.2,15.3
S003,2024-07-01,82,0,82,1088.46,1088.46,13.27,112.4,97.5
S003,2024-07-01,82,1,45,504.97,1593.43,19.43,52.1,56.3
S003,2024-07-01,82,2,31,286.03,1879.46,22.92,29.5,35.6
S003,2024-07-01,82,3,27,303.3,2182.76,26.62,31.3,34.4
S003,2024-07-01,82,4,20,160.0,2342.76,28.57,16.5,25.8
S003,2024-07-01,82,5,16,134.89,2477.65,30.22,13.9,18.9
S003,2024-07-01,82,6,15,118.88,2596.53,31.67,12.3,18.7
S003,2024-07-01,82,7,12,107.42,2703.95,32.98,11.1,17.3
S003,2024-07-01,82,8,12,99.61,2803.56,34.19,10.3,18.4
S003,2024-07-01,82,9,9,55.91,2859.47,34.87,5.8,12.7
S003,2024-07-01,82,10,13,88.57,2948.04,35.95,9.1,19.5
S003,2024-07-01,82,11,9,54.35,3002.4,36.61,5.6,10.7
S003,2024-08-01,102,0,100,1189.57,1189.57,11.66,98.7,100.0
S003,2024-08-01,102,1,55,689.57,1879.14,18.42,57.2,52.6
S003,2024-08-01,102,2,39,360.96,2240.1,21.96,30.0,39.0
S003,2024-08-01,102,3,34,346.95,2587.05,25.36,28.8,35.4
S003,2024-08-01,102,4,24,236.36,2823.41,27.68,19.6,23.7
S003,2024-08-01,102,5,23,221.85,3045.25,29.86,18.4,23.6
S003,2024-08-01,102,6,17,132.51,3177.77,31.15,11.0,15.8
S003,2024-08-01,102,7,16,133.4,3311.17,32.46,11.1,17.6
S003,2024-08-01,102,8,13,81.08,3392.25,33.26,6.7,16.5
S003,2024-08-01,102,9,11,91.11,3483.35,34.15,7.6,11.8
S003,2024-08-01,102,10,13,91.94,3575.29,35.05,7.6,12.9
S003,2024-08-01,102,11,13,81.66,3656.95,35.85,6.8,14.7
S003,2024-09-01,99,0,99,1119.42,1119.42,11.31,95.7,99.6
S003,2024-09-01,99,1,52,565.27,1684.69,17.02,48.3,51.1
S003,2024-09-01,99,2,42,449.95,2134.64,21.56,38.5,42.9
S003,2024-09-01,99,3,31,320.14,2454.77,24.8,27.4,35.2
S003,2024-09-01,99,4,25,224.31,2679.09,27.06,19.2,26.2
S003,2024-09-01,99,5,16,147.29,2826.38,28.55,12.6,16.4
S003,2024-09-01,99,6,16,147.08,2973.46,30.03,12.6,17.1
S003,2024-09-01,99,7,13,98.85,3072.31,31.03,8.5,9.1
S003,2024-09-01,99,8,15,121.82,3194.12,32.26,10.4,14.4
S003,2024-09-01,99,9,14,86.29,3280.41,33.14,7.4,13.6
S003,2024-09-01,99,10,13,83.01,3363.42,33.97,7.1,13.7
S003,2024-09-01,99,11,10,63.09,3426.51,34.61,5.4,10.3
S003,2024-10-01,85,0,85,950.85,950.85,11.19,94.7,100.0
S003,2024-10-01,85,1,45,436.02,1386.87,16.32,43.4,54.9
S003,2024-10-01,85,2,34,440.34,1827.21,21.5,43.8,39.4
S003,2024-10-01,85,3,26,260.02,2087.23,24.56,25.9,33.1
S003,2024-10-01,85,4,21,177.49,2264.72,26.64,17.7,26.8
S003,2024-10-01,85,5,18,180.37,2445.09,28.77,18.0,22.5
S003,2024-10-01,85,6,16,136.17,2581.25,30.37,13.6,18.4
S003,2024-10-01,85,7,14,127.59,2708.84,31.87,12.7,15.8
S003,2024-10-01,85,8,12,80.63,2789.47,32.82,8.0,13.7
S003,2024-10-01,85,9,11,60.34,2849.82,33.53,6.0,17.0
S003,2024-10-01,85,10,9,63.3,2913.12,34.27,6.3,12.4
S003,2024-10-01,85,11,8,35.34,2948.46,34.69,3.5,9.6
S003,2024-11-01,81,0,77,931.64,931.64,11.5,97.4,95.8
S003,2024-11-01,81,1,46,464.73,1396.37,17.24,48.6,54.9
S003,2024-11-01,81,2,31,327.8,1724.17,21.29,34.3,40.6
S003,2024-11-01,81,3,28,317.63,2041.8,25.21,33.2,35.2
S003,2024-11-01,81,4,22,197.61,2239.41,27.65,20.6,27.9
S003,2024-11-01,81,5,15,138.07,2377.48,29.35,14.4,19.8
S003,2024-11-01,81,6,18,152.2,2529.68,31.23,15.9,22.6
S003,2024-11-01,81,7,14,109.14,2638.82,32.58,11.4,16.3
S003,2024-11-01,81,8,14,96.0,2734.82,33.76,10.0,15.6
S003,2024-11-01,81,9,12,103.25,2838.06,35.04,10.8,14.7
S003,2024-11-01,81,10,9,66.21,2904.27,35.86,6.9,11.1
S003,2024-11-01,81,11,8,60.8,2965.07,36.61,6.4,11.3
S003,2024-12-01,101,0,98,1108.57,1108.57,10.98,92.9,97.9
S003,2024-12-01,101,1,53,628.86,1737.43,17.2,52.7,55.0
S003,2024-12-01,101,2,39,417.34,2154.77,21.33,35.0,41.0
S003,2024-12-01,101,3,35,380.63,2535.4,25.1,31.9,36.5
S003,2024-12-01,101,4,24,239.57,2774.97,27.47,20.1,25.1
S003,2024-12-01,101,5,21,179.49,2954.46,29.25,15.0,19.7
S003,2024-12-01,101,6,15,101.05,3055.51,30.25,8.5,16.4
S003,2024-12-01,101,7,17,132.03,3187.55,31.56,11.1,16.8
S003,2024-12-01,101,8,15,115.1,3302.65,32.7,9.6,13.4
S003,2024-12-01,101,9,15,116.25,3418.9,33.85,9.7,16.2
S003,2024-12-01,101,10,14,87.64,3506.54,34.72,7.3,16.5
S003,2024-12-01,101,11,11,83.69,3590.23,35.55,7.0,12.8
S003,2025-01-01,76,0,76,922.69,922.69,12.14,102.8,100.0
S003,2025-01-01,76,1,41,456.65,1379.34,18.15,50.9,56.0
S003,2025-01-01,76,2,31,331.48,1710.82,22.51,36.9,38.9
S003,2025-01-01,76,3,25,271.32,1982.14,26.08,30.2,36.4
S003,2025-01-01,76,4,21,162.2,2144.34,28.22,18.1,28.3
S003,2025-01-01,76,5,19,185.54,2329.88,30.66,20.7,26.1
S003,2025-01-01,76,6,15,120.93,2450.82,32.25,13.5,21.5
S003,2025-01-01,76,7,12,98.77,2549.59,33.55,11.0,17.7
S003,2025-01-01,76,8,9,82.13,2631.72,34.63,9.1,12.5
S003,2025-01-01,76,9,11,66.5,2698.22,35.5,7.4,15.6
S003,2025-01-01,76,10,12,78.71,2776.93,36.54,8.8,14.2
S003,2025-01-01,76,11,9,73.57,2850.5,37.51,8.2,10.4
S003,2025-02-01,74,0,73,802.56,802.56,10.85,91.8,97.9
S003,2025-02-01,74,1,37,437.07,1239.64,16.75,50.0,51.3
S003,2025-02-01,74,2,27,327.23,1566.87,21.17,37.4,39.1
S003,2025-02-01,74,3,22,248.51,1815.38,24.53,28.4,29.6
S003,2025-02-01,74,4,19,166.96,1982.33,26.79,19.1,29.7
S003,2025-02-01,74,5,15,139.02,2121.36,28.67,15.9,20.4
S003,2025-02-01,74,6,16,169.14,2290.5,30.95,19.3,25.2
S003,2025-02-01,74,7,13,99.13,2389.63,32.29,11.3,20.2
S003,2025-02-01,74,8,11,100.65,2490.28,33.65,11.5,16.7
S003,2025-02-01,74,9,9,75.54,2565.83,34.67,8.6,13.7
S003,2025-02-01,74,10,5,39.37,2605.2,35.21,4.5,6.8
S003,2025-03-01,74,0,72,840.9,840.9,11.36,96.2,99.0
S003,2025-03-01,74,1,38,433.71,1274.61,17.22,49.6,53.1
S003,2025-03-01,74,2,32,306.75,1581.36,21.37,35.1,43.2
S003,2025-03-01,74,3,24,270.64,1852.0,25.03,31.0,32.1
S003,2025-03-01,74,4,21,161.4,2013.4,27.21,18.5,26.5
S003,2025-03-01,74,5,16,123.69,2137.09,28.88,14.1,20.9
S003,2025-03-01,74,6,13,122.93,2260.02,30.54,14.1,15.1
S003,2025-03-01,74,7,12,111.4,2371.42,32.05,12.7,17.0
S003,2025-03-01,74,8,10,82.4,2453.82,33.16,9.4,14.0
S003,2025-03-01,74,9,12,76.02,2529.83,34.19,8.7,16.7
S003,2025-04-01,83,0,82,733.33,733.33,8.84,74.8,99.0
S003,2025-04-01,83,1,47,564.08,1297.42,15.63,57.5,57.3
S003,2025-04-01,83,2,31,342.79,1640.21,19.76,35.0,36.9
S003,2025-04-01,83,3,27,276.77,1916.98,23.1,28.2,31.2
S003,2025-04-01,83,4,20,199.56,2116.54,25.5,20.4,23.9
S003,2025-04-01,83,5,16,131.5,2248.04,27.08,13.4,19.9
S003,2025-04-01,83,6,18,146.85,2394.9,28.85,15.0,22.1
S003,2025-04-01,83,7,14,99.67,2494.57,30.06,10.2,14.6
S003,2025-04-01,83,8,10,80.85,2575.42,31.03,8.2,13.1
S003,2025-05-01,87,0,87,1018.32,1018.32,11.7,99.1,99.1
S003,2025-05-01,87,1,49,504.92,1523.24,17.51,49.1,55.1
S003,2025-05-01,87,2,35,326.53,1849.77,21.26,31.8,44.8
S003,2025-05-01,87,3,27,282.89,2132.65,24.51,27.5,30.9
S003,2025-05-01,87,4,22,202.31,2334.97,26.84,19.7,24.6
S003,2025-05-01,87,5,20,173.84,2508.81,28.84,16.9,24.8
S003,2025-05-01,87,6,21,176.17,2684.98,30.86,17.1,24.6
S003,2025-05-01,87,7,15,150.93,2835.91,32.6,14.7,17.6
S003,2025-06-01,70,0,68,799.44,799.44,11.42,96.7,96.8
S003,2025-06-01,70,1,41,532.73,1332.17,19.03,64.4,57.5
S003,2025-06-01,70,2,27,289.88,1622.05,23.17,35.1,40.7
S003,2025-06-01,70,3,22,208.61,1830.66,26.15,25.2,32.0
S003,2025-06-01,70,4,17,173.83,2004.49,28.64,21.0,23.7
S003,2025-06-01,70,5,14,144.25,2148.74,30.7,17.4,19.8
S003,2025-06-01,70,6,11,96.58,2245.31,32.08,11.7,15.6
S003,2025-07-01,82,0,82,966.16,966.16,11.78,99.7,99.9
S003,2025-07-01,82,1,43,486.2,1452.36,17.71,50.2,54.9
S003,2025-07-01,82,2,31,330.37,1782.73,21.74,34.1,39.6
S003,2025-07-01,82,3,27,308.85,2091.58,25.51,31.9,32.2
S003,2025-07-01,82,4,18,176.82,2268.41,27.66,18.3,22.9
S003,2025-07-01,82,5,20,206.6,2475.0,30.18,21.3,25.5
S003,2025-08-01,83,0,82,868.81,868.81,10.47,88.6,99.8
S003,2025-08-01,83,1,47,558.36,1427.17,17.19,56.9,58.2
S003,2025-08-01,83,2,32,332.7,1759.88,21.2,33.9,39.9
S003,2025-08-01,83,3,25,240.34,2000.22,24.1,24.5,31.4
S003,2025-08-01,83,4,22,207.31,2207.53,26.6,21.1,25.8
S003,2025-09-01,66,0,66,792.39,792.39,12.01,101.6,100.0
S003,2025-09-01,66,1,36,404.26,1196.65,18.13,51.8,56.4
S003,2025-09-01,66,2,26,307.09,1503.74,22.78,39.4,42.1
S003,2025-09-01,66,3,19,187.61,1691.35,25.63,24.1,29.7
S003,2025-10-01,69,0,69,830.65,830.65,12.04,101.9,98.8
S003,2025-10-01,69,1,38,436.8,1267.44,18.37,53.6,56.6
S003,2025-10-01,69,2,30,330.4,1597.84,23.16,40.5,43.2
S003,2025-11-01,51,0,50,656.02,656.02,12.86,108.9,99.5
S003,2025-11-01,51,1,25,268.13,924.15,18.12,44.5,52.0
