dev_id,startup_id,month,revenue
CS01_d1,CS01,2024-01-01,18.81
CS01_d2,CS01,2024-01-01,8.21
CS01_d3,CS01,2024-01-01,9.79
CS01_d4,CS01,2024-01-01,7.93
CS01_d5,CS01,2024-01-01,14.63
CS01_d6,CS01,2024-01-01,11.23
CS01_d1,CS01,2024-02-01,9.36
CS01_d4,CS01,2024-02-01,14.36
CS01_d5,CS01,2024-02-01,12.11
CS01_d6,CS01,2024-02-01,10.01
CS01_d7,CS01,2024-02-01,8.85
CS01_d8,CS01,2024-02-01,17.97
CS01_d9,CS01,2024-02-01,13.83
CS01_d10,CS01,2024-02-01,26.44
CS01_d1,CS01,2024-03-01,11.05
CS01_d5,CS01,2024-03-01,12.83
CS01_d6,CS01,2024-03-01,12.06
CS01_d7,CS01,2024-03-01,9.88
CS01_d9,CS01,2024-03-01,15.14
CS01_d11,CS01,2024-03-01,9.77
CS01_d12,CS01,2024-03-01,19.18
CS01_d13,CS01,2024-03-01,11.78
CS01_d14,CS01,2024-03-01,22.24
CS01_d15,CS01,2024-03-01,32.68
CS01_d16,CS01,2024-03-01,16.12
CS01_d1,CS01,2024-04-01,20.15
CS01_d6,CS01,2024-04-01,15.31
CS01_d7,CS01,2024-04-01,13.36
CS01_d9,CS01,2024-04-01,11.69
CS01_d12,CS01,2024-04-01,26.28
CS01_d13,CS01,2024-04-01,16.77
CS01_d16,CS01,2024-04-01,24.18
CS01_d17,CS01,2024-04-01,12.95
CS01_d18,CS01,2024-04-01,38.18
CS01_d19,CS01,2024-04-01,18.43
CS01_d20,CS01,2024-04-01,13.92
CS01_d1,CS01,2024-05-01,32.88
CS01_d9,CS01,2024-05-01,24.52
CS01_d13,CS01,2024-05-01,21.34
CS01_d16,CS01,2024-05-01,18.45
CS01_d17,CS01,2024-05-01,21.79
CS01_d18,CS01,2024-05-01,18.9
CS01_d19,CS01,2024-05-01,15.8
CS01_d21,CS01,2024-05-01,50.42
CS01_d22,CS01,2024-05-01,31.18
CS01_d13,CS01,2024-06-01,21.72
CS01_d17,CS01,2024-06-01,26.23
CS01_d18,CS01,2024-06-01,38.61
CS01_d21,CS01,2024-06-01,46.43
CS01_d22,CS01,2024-06-01,29.11
CS01_d23,CS01,2024-06-01,61.76
CS01_d24,CS01,2024-06-01,30.05
CS01_d13,CS01,2024-07-01,54.42
CS01_d18,CS01,2024-07-01,33.57
CS01_d24,CS01,2024-07-01,30.33
CS01_d25,CS01,2024-07-01,72.96
CS01_d26,CS01,2024-07-01,26.64
CS01_d27,CS01,2024-07-01,29.67
CS01_d28,CS01,2024-07-01,42.74
CS01_d13,CS01,2024-08-01,35.04
CS01_d18,CS01,2024-08-01,42.78
CS01_d25,CS01,2024-08-01,62.69
CS01_d26,CS01,2024-08-01,46.57
CS01_d29,CS01,2024-08-01,36.97
CS01_d30,CS01,2024-08-01,86.0
CS01_d31,CS01,2024-08-01,49.2
CS01_d13,CS01,2024-09-01,79.05
CS01_d18,CS01,2024-09-01,93.32
CS01_d25,CS01,2024-09-01,120.0
CS01_d26,CS01,2024-09-01,155.68
CS01_d32,CS01,2024-09-01,68.87
CS01_d26,CS01,2024-10-01,234.86
CS01_d33,CS01,2024-10-01,292.7
CS01_d26,CS01,2024-11-01,129.05
CS01_d33,CS01,2024-11-01,161.54
CS01_d34,CS01,2024-11-01,235.38
CS01_d26,CS01,2024-12-01,93.93
CS01_d33,CS01,2024-12-01,184.28
CS01_d34,CS01,2024-12-01,112.92
CS01_d35,CS01,2024-12-01,139.43
CS01_d26,CS01,2025-01-01,136.31
CS01_d35,CS01,2025-01-01,119.37
CS01_d36,CS01,2025-01-01,216.85
CS01_d37,CS01,2025-01-01,162.36
CS01_d26,CS01,2025-02-01,124.3
CS01_d35,CS01,2025-02-01,155.24
CS01_d36,CS01,2025-02-01,222.28
CS01_d38,CS01,2025-02-01,114.74
CS01_d26,CS01,2025-03-01,222.06
CS01_d35,CS01,2025-03-01,320.32
CS01_d39,CS01,2025-03-01,157.86
CS01_d40,CS01,2025-03-01,170.43
CS01_d35,CS01,2025-04-01,364.19
CS01_d39,CS01,2025-04-01,174.04
CS01_d40,CS01,2025-04-01,180.53
CS01_d41,CS01,2025-04-01,262.42
CS01_d42,CS01,2025-04-01,208.67
CS01_d35,CS01,2025-05-01,160.64
CS01_d39,CS01,2025-05-01,147.42
CS01_d40,CS01,2025-05-01,247.23
CS01_d41,CS01,2025-05-01,208.19
CS01_d42,CS01,2025-05-01,149.79
CS01_d43,CS01,2025-05-01,342.94
CS01_d39,CS01,2025-06-01,394.28
CS01_d42,CS01,2025-06-01,578.54
CS01_d43,CS01,2025-06-01,347.48
CS01_d39,CS01,2025-07-01,478.72
CS01_d42,CS01,2025-07-01,361.25
CS01_d44,CS01,2025-07-01,631.2
CS01_d39,CS01,2025-08-01,926.81
CS01_d44,CS01,2025-08-01,684.67
CS01_d39,CS01,2025-09-01,584.61
CS01_d44,CS01,2025-09-01,329.05
CS01_d45,CS01,2025-09-01,450.47
CS01_d39,CS01,2025-10-01,327.09
CS01_d44,CS01,2025-10-01,425.49
CS01_d45,CS01,2025-10-01,631.22
CS01_d46,CS01,2025-10-01,315.23
CS01_d44,CS01,2025-11-01,804.03
CS01_d47,CS01,2025-11-01,1138.56
CS01_d47,CS01,2025-12-01,1240.06
CS01_d48,CS01,2025-12-01,832.18
CS02_d1,CS02,2024-01-01,55.8
CS02_d2,CS02,2024-01-01,46.73
CS02_d3,CS02,2024-01-01,66.86
CS02_d4,CS02,2024-01-01,47.54
CS02_d1,CS02,2024-02-01,47.1
CS02_d2,CS02,2024-02-01,39.59
CS02_d3,CS02,2024-02-01,49.24
CS02_d4,CS02,2024-02-01,60.56
CS02_d1,CS02,2024-03-01,48.4
CS02_d2,CS02,2024-03-01,43.42
CS02_d3,CS02,2024-03-01,62.63
CS02_d4,CS02,2024-03-01,55.03
CS02_d1,CS02,2024-04-01,58.63
CS02_d2,CS02,2024-04-01,68.96
CS02_d3,CS02,2024-04-01,44.0
CS02_d4,CS02,2024-04-01,48.09
CS02_d1,CS02,2024-05-01,73.32
CS02_d2,CS02,2024-05-01,67.83
CS02_d3,CS02,2024-05-01,84.59
CS02_d1,CS02,2024-06-01,41.12
CS02_d2,CS02,2024-06-01,60.98
CS02_d3,CS02,2024-06-01,54.11
CS02_d5,CS02,2024-06-01,49.9
CS02_d1,CS02,2024-07-01,48.23
CS02_d2,CS02,2024-07-01,72.17
CS02_d3,CS02,2024-07-01,45.92
CS02_d5,CS02,2024-07-01,59.56
CS02_d1,CS02,2024-08-01,50.56
CS02_d2,CS02,2024-08-01,47.09
CS02_d3,CS02,2024-08-01,58.67
CS02_d5,CS02,2024-08-01,69.8
CS02_d1,CS02,2024-09-01,118.74
CS02_d2,CS02,2024-09-01,93.09
CS02_d3,CS02,2024-09-01,84.13
CS02_d1,CS02,2024-10-01,110.66
CS02_d2,CS02,2024-10-01,94.19
CS02_d3,CS02,2024-10-01,126.08
CS02_d1,CS02,2024-11-01,61.66
CS02_d2,CS02,2024-11-01,65.41
CS02_d3,CS02,2024-11-01,80.5
CS02_d6,CS02,2024-11-01,86.95
CS02_d1,CS02,2024-12-01,97.62
CS02_d2,CS02,2024-12-01,78.98
CS02_d3,CS02,2024-12-01,62.17
CS02_d6,CS02,2024-12-01,66.77
CS02_d1,CS02,2025-01-01,71.36
CS02_d2,CS02,2025-01-01,93.12
CS02_d3,CS02,2025-01-01,72.53
CS02_d6,CS02,2025-01-01,65.89
CS02_d1,CS02,2025-02-01,89.5
CS02_d2,CS02,2025-02-01,76.17
CS02_d3,CS02,2025-02-01,103.87
CS02_d6,CS02,2025-02-01,73.64
CS02_d1,CS02,2025-03-01,73.85
CS02_d2,CS02,2025-03-01,105.83
CS02_d3,CS02,2025-03-01,88.08
CS02_d6,CS02,2025-03-01,73.82
CS02_d1,CS02,2025-04-01,108.36
CS02_d2,CS02,2025-04-01,94.09
CS02_d3,CS02,2025-04-01,80.24
CS02_d6,CS02,2025-04-01,75.23
CS02_d7,CS02,2025-04-01,77.07
CS02_d1,CS02,2025-05-01,78.24
CS02_d2,CS02,2025-05-01,117.39
CS02_d3,CS02,2025-05-01,78.08
CS02_d6,CS02,2025-05-01,99.16
CS02_d7,CS02,2025-05-01,85.25
CS02_d1,CS02,2025-06-01,78.04
CS02_d2,CS02,2025-06-01,131.11
CS02_d3,CS02,2025-06-01,84.4
CS02_d6,CS02,2025-06-01,93.54
CS02_d7,CS02,2025-06-01,75.79
CS02_d1,CS02,2025-07-01,101.07
CS02_d2,CS02,2025-07-01,77.95
CS02_d3,CS02,2025-07-01,70.22
CS02_d6,CS02,2025-07-01,68.81
CS02_d7,CS02,2025-07-01,86.84
CS02_d1,CS02,2025-08-01,115.55
CS02_d2,CS02,2025-08-01,94.11
CS02_d3,CS02,2025-08-01,65.58
CS02_d6,CS02,2025-08-01,77.21
CS02_d7,CS02,2025-08-01,68.37
CS02_d1,CS02,2025-09-01,75.78
CS02_d2,CS02,2025-09-01,80.59
CS02_d3,CS02,2025-09-01,65.87
CS02_d6,CS02,2025-09-01,61.92
CS02_d7,CS02,2025-09-01,73.22
CS02_d8,CS02,2025-09-01,104.96
CS02_d1,CS02,2025-10-01,110.06
CS02_d2,CS02,2025-10-01,68.5
CS02_d3,CS02,2025-10-01,68.45
CS02_d6,CS02,2025-10-01,77.53
CS02_d7,CS02,2025-10-01,65.36
CS02_d8,CS02,2025-10-01,59.52
CS02_d1,CS02,2025-11-01,75.05
CS02_d2,CS02,2025-11-01,112.7
CS02_d3,CS02,2025-11-01,68.76
CS02_d6,CS02,2025-11-01,77.92
CS02_d7,CS02,2025-11-01,81.12
CS02_d8,CS02,2025-11-01,87.44
CS02_d1,CS02,2025-12-01,100.53
CS02_d2,CS02,2025-12-01,70.63
CS02_d3,CS02,2025-12-01,85.72
CS02_d6,CS02,2025-12-01,68.76
CS02_d7,CS02,2025-12-01,73.19
CS02_d8,CS02,2025-12-01,111.66
CS03_d1,CS03,2024-01-01,44.35
CS03_d2,CS03,2024-01-01,65.53
CS03_d3,CS03,2024-01-01,49.84
CS03_d4,CS03,2024-01-01,58.7
CS03_d5,CS03,2024-01-01,87.03
CS03_d1,CS03,2024-02-01,78.58
CS03_d2,CS03,2024-02-01,61.28
CS03_d3,CS03,2024-02-01,57.19
CS03_d4,CS03,2024-02-01,92.37
CS03_d5,CS03,2024-02-01,52.32
CS03_d1,CS03,2024-03-01,49.69
CS03_d2,CS03,2024-03-01,59.44
CS03_d3,CS03,2024-03-01,76.13
CS03_d4,CS03,2024-03-01,58.61
CS03_d5,CS03,2024-03-01,91.06
CS03_d1,CS03,2024-04-01,142.23
CS03_d2,CS03,2024-04-01,114.52
CS03_d4,CS03,2024-04-01,188.38
CS03_d5,CS03,2024-04-01,138.34
CS03_d1,CS03,2024-05-01,199.27
CS03_d2,CS03,2024-05-01,158.32
CS03_d5,CS03,2024-05-01,277.39
CS03_d1,CS03,2024-06-01,78.46
CS03_d2,CS03,2024-06-01,84.37
CS03_d5,CS03,2024-06-01,95.87
CS03_d6,CS03,2024-06-01,110.46
CS03_d7,CS03,2024-06-01,126.57
CS03_d8,CS03,2024-06-01,173.31
CS03_d1,CS03,2024-07-01,158.42
CS03_d2,CS03,2024-07-01,236.7
CS03_d5,CS03,2024-07-01,129.9
CS03_d6,CS03,2024-07-01,168.29
CS03_d7,CS03,2024-07-01,123.52
CS03_d8,CS03,2024-07-01,145.81
CS03_d1,CS03,2024-08-01,208.99
CS03_d2,CS03,2024-08-01,157.41
CS03_d6,CS03,2024-08-01,195.35
CS03_d7,CS03,2024-08-01,174.76
CS03_d8,CS03,2024-08-01,273.01
CS03_d1,CS03,2024-09-01,228.76
CS03_d6,CS03,2024-09-01,347.3
CS03_d7,CS03,2024-09-01,202.18
CS03_d8,CS03,2024-09-01,265.4
CS03_d1,CS03,2024-10-01,410.55
CS03_d6,CS03,2024-10-01,350.99
CS03_d7,CS03,2024-10-01,545.78
CS03_d8,CS03,2024-10-01,319.64
CS03_d1,CS03,2024-11-01,198.06
CS03_d6,CS03,2024-11-01,279.83
CS03_d7,CS03,2024-11-01,169.02
CS03_d8,CS03,2024-11-01,336.6
CS03_d9,CS03,2024-11-01,146.58
CS03_d10,CS03,2024-11-01,219.72
CS03_d11,CS03,2024-11-01,232.91
CS03_d12,CS03,2024-11-01,162.41
CS03_d6,CS03,2024-12-01,377.99
CS03_d7,CS03,2024-12-01,337.79
CS03_d8,CS03,2024-12-01,555.48
CS03_d9,CS03,2024-12-01,266.95
CS03_d11,CS03,2024-12-01,280.14
CS03_d6,CS03,2025-01-01,300.19
CS03_d7,CS03,2025-01-01,366.68
CS03_d8,CS03,2025-01-01,463.98
CS03_d9,CS03,2025-01-01,608.53
CS03_d11,CS03,2025-01-01,354.28
CS03_d13,CS03,2025-01-01,384.48
CS03_d6,CS03,2025-02-01,638.64
CS03_d7,CS03,2025-02-01,343.58
CS03_d8,CS03,2025-02-01,460.67
CS03_d9,CS03,2025-02-01,416.75
CS03_d11,CS03,2025-02-01,300.44
CS03_d13,CS03,2025-02-01,372.6
CS03_d6,CS03,2025-03-01,263.16
CS03_d7,CS03,2025-03-01,251.84
CS03_d8,CS03,2025-03-01,204.43
CS03_d9,CS03,2025-03-01,287.38
CS03_d11,CS03,2025-03-01,435.14
CS03_d13,CS03,2025-03-01,350.14
CS03_d6,CS03,2025-04-01,319.38
CS03_d7,CS03,2025-04-01,241.41
CS03_d8,CS03,2025-04-01,342.9
CS03_d9,CS03,2025-04-01,238.36
CS03_d11,CS03,2025-04-01,489.68
CS03_d13,CS03,2025-04-01,264.27
CS03_d6,CS03,2025-05-01,378.74
CS03_d7,CS03,2025-05-01,451.71
CS03_d8,CS03,2025-05-01,225.42
CS03_d9,CS03,2025-05-01,213.59
CS03_d11,CS03,2025-05-01,183.43
CS03_d14,CS03,2025-05-01,282.03
CS03_d15,CS03,2025-05-01,234.25
CS03_d16,CS03,2025-05-01,323.71
CS03_d17,CS03,2025-05-01,245.18
CS03_d6,CS03,2025-06-01,232.91
CS03_d7,CS03,2025-06-01,250.71
CS03_d8,CS03,2025-06-01,313.56
CS03_d9,CS03,2025-06-01,242.93
CS03_d11,CS03,2025-06-01,420.12
CS03_d14,CS03,2025-06-01,533.69
CS03_d15,CS03,2025-06-01,211.24
CS03_d16,CS03,2025-06-01,286.21
CS03_d17,CS03,2025-06-01,299.8
CS03_d6,CS03,2025-07-01,250.27
CS03_d7,CS03,2025-07-01,533.16
CS03_d8,CS03,2025-07-01,228.91
CS03_d9,CS03,2025-07-01,219.37
CS03_d11,CS03,2025-07-01,275.25
CS03_d14,CS03,2025-07-01,375.41
CS03_d15,CS03,2025-07-01,316.52
CS03_d16,CS03,2025-07-01,268.68
CS03_d17,CS03,2025-07-01,237.81
CS03_d6,CS03,2025-08-01,586.06
CS03_d7,CS03,2025-08-01,507.97
CS03_d8,CS03,2025-08-01,712.86
CS03_d11,CS03,2025-08-01,437.88
CS03_d14,CS03,2025-08-01,491.52
CS03_d16,CS03,2025-08-01,469.5
CS03_d17,CS03,2025-08-01,912.43
CS03_d6,CS03,2025-09-01,506.25
CS03_d7,CS03,2025-09-01,584.22
CS03_d8,CS03,2025-09-01,543.63
CS03_d14,CS03,2025-09-01,1034.13
CS03_d16,CS03,2025-09-01,713.54
CS03_d17,CS03,2025-09-01,769.26
CS03_d6,CS03,2025-10-01,343.7
CS03_d7,CS03,2025-10-01,396.64
CS03_d8,CS03,2025-10-01,394.56
CS03_d14,CS03,2025-10-01,499.51
CS03_d16,CS03,2025-10-01,438.2
CS03_d17,CS03,2025-10-01,776.87
CS03_d18,CS03,2025-10-01,335.1
CS03_d19,CS03,2025-10-01,352.3
CS03_d20,CS03,2025-10-01,610.59
CS03_d21,CS03,2025-10-01,311.29
CS03_d6,CS03,2025-11-01,1106.26
CS03_d7,CS03,2025-11-01,537.57
CS03_d8,CS03,2025-11-01,439.1
CS03_d16,CS03,2025-11-01,832.6
CS03_d17,CS03,2025-11-01,464.78
CS03_d18,CS03,2025-11-01,608.92
CS03_d19,CS03,2025-11-01,423.05
CS03_d20,CS03,2025-11-01,730.52
CS03_d21,CS03,2025-11-01,616.52
CS03_d6,CS03,2025-12-01,619.45
CS03_d7,CS03,2025-12-01,1040.99
CS03_d8,CS03,2025-12-01,821.8
CS03_d16,CS03,2025-12-01,537.83
CS03_d17,CS03,2025-12-01,444.12
CS03_d18,CS03,2025-12-01,700.59
CS03_d19,CS03,2025-12-01,465.11
CS03_d20,CS03,2025-12-01,506.24
CS03_d21,CS03,2025-12-01,423.45
CS03_d22,CS03,2025-12-01,419.17
S001_d1,S001,2024-01-01,253.1
S001_d1,S001,2024-02-01,1105.98
S001_d1,S001,2024-03-01,2898.39
S001_d1,S001,2024-04-01,5182.51
S001_d2,S001,2024-05-01,4109.94
S001_d1,S001,2024-05-01,2441.44
S001_d1,S001,2024-06-01,3704.22
S001_d2,S001,2024-06-01,2294.72
S001_d3,S001,2024-07-01,3729.4
S001_d2,S001,2024-07-01,2127.34
S001_d1,S001,2024-07-01,1529.72
S001_d2,S001,2024-08-01,3408.16
S001_d3,S001,2024-08-01,2068.44
S001_d1,S001,2024-08-01,1500.43
S001_d3,S001,2024-09-01,4694.8
S001_d1,S001,2024-09-01,2969.6
S001_d2,S001,2024-09-01,2412.21
S001_d3,S001,2024-10-01,5390.09
S001_d1,S001,2024-10-01,3180.25
S001_d2,S001,2024-10-01,1985.77
S001_d4,S001,2024-10-01,2285.3
S001_d4,S001,2024-11-01,6566.82
S001_d3,S001,2024-11-01,4557.66
S001_d2,S001,2024-11-01,3408.08
S001_d1,S001,2024-12-01,5561.41
S001_d2,S001,2024-12-01,2826.32
S001_d3,S001,2024-12-01,2155.13
S001_d4,S001,2024-12-01,1621.14
S001_d2,S001,2025-01-01,4795.79
S001_d1,S001,2025-01-01,3417.2
S001_d6,S001,2025-01-01,2706.32
S001_d4,S001,2025-01-01,2015.13
S001_d3,S001,2025-01-01,1599.38
S001_d5,S001,2025-01-01,1592.26
S001_d4,S001,2025-02-01,3861.91
S001_d6,S001,2025-02-01,3037.81
S001_d5,S001,2025-02-01,2227.99
S001_d8,S001,2025-02-01,1698.73
S001_d2,S001,2025-02-01,1512.68
S001_d7,S001,2025-02-01,1570.2
S001_d3,S001,2025-02-01,1370.12
S001_d1,S001,2025-02-01,1138.21
S001_d6,S001,2025-03-01,5806.08
S001_d1,S001,2025-03-01,3716.04
S001_d4,S001,2025-03-01,2380.42
S001_d7,S001,2025-03-01,2256.98
S001_d3,S001,2025-03-01,1867.67
S001_d2,S001,2025-03-01,1822.33
S001_d8,S001,2025-03-01,1529.76
S001_d5,S001,2025-03-01,1639.23
S001_d5,S001,2025-04-01,7917.5
S001_d7,S001,2025-04-01,4833.86
S001_d3,S001,2025-04-01,3338.82
S001_d1,S001,2025-04-01,2483.98
S001_d8,S001,2025-04-01,2436.62
S001_d6,S001,2025-04-01,1916.14
S001_d4,S001,2025-04-01,1814.15
S001_d2,S001,2025-04-01,1519.09
S001_d8,S001,2025-05-01,8735.24
S001_d3,S001,2025-05-01,5193.3
S001_d6,S001,2025-05-01,4256.79
S001_d1,S001,2025-05-01,3841.2
S001_d5,S001,2025-05-01,2635.46
S001_d4,S001,2025-05-01,2762.4
S001_d10,S001,2025-06-01,5859.13
S001_d3,S001,2025-06-01,4027.39
S001_d4,S001,2025-06-01,2230.53
S001_d1,S001,2025-06-01,3092.37
S001_d6,S001,2025-06-01,2424.36
S001_d9,S001,2025-06-01,1822.22
S001_d5,S001,2025-06-01,1608.59
S001_d7,S001,2025-06-01,1584.81
S001_d2,S001,2025-06-01,1439.78
S001_d11,S001,2025-06-01,1325.02
S001_d8,S001,2025-06-01,1188.49
S001_d8,S001,2025-07-01,8289.62
S001_d4,S001,2025-07-01,5159.28
S001_d7,S001,2025-07-01,4156.28
S001_d5,S001,2025-07-01,3295.75
S001_d9,S001,2025-07-01,2385.04
S001_d11,S001,2025-07-01,2324.6
S001_d1,S001,2025-07-01,2268.46
S001_d6,S001,2025-07-01,1797.59
S001_d10,S001,2025-07-01,1873.08
S001_d2,S001,2025-07-01,1502.6
S001_d3,S001,2025-07-01,1135.57
S001_d4,S001,2025-08-01,9864.51
S001_d6,S001,2025-08-01,5700.38
S001_d7,S001,2025-08-01,4231.81
S001_d1,S001,2025-08-01,3121.99
S001_d3,S001,2025-08-01,2741.12
S001_d2,S001,2025-08-01,2014.4
S001_d9,S001,2025-08-01,2213.38
S001_d8,S001,2025-08-01,1621.32
S001_d10,S001,2025-08-01,1534.44
S001_d5,S001,2025-08-01,1460.0
S001_d2,S001,2025-09-01,8427.35
S001_d6,S001,2025-09-01,5555.52
S001_d15,S001,2025-09-01,4323.47
S001_d7,S001,2025-09-01,2625.05
S001_d9,S001,2025-09-01,2847.98
S001_d8,S001,2025-09-01,2278.74
S001_d10,S001,2025-09-01,1818.81
S001_d11,S001,2025-09-01,1966.14
S001_d4,S001,2025-09-01,1678.03
S001_d13,S001,2025-09-01,1389.99
S001_d1,S001,2025-09-01,1258.22
S001_d12,S001,2025-09-01,1469.04
S001_d14,S001,2025-09-01,1341.56
S001_d3,S001,2025-09-01,1263.69
S001_d5,S001,2025-09-01,1020.24
S001_d1,S001,2025-10-01,8634.26
S001_d14,S001,2025-10-01,5751.24
S001_d3,S001,2025-10-01,4380.57
S001_d6,S001,2025-10-01,3421.77
S001_d12,S001,2025-10-01,3288.92
S001_d5,S001,2025-10-01,2662.58
S001_d7,S001,2025-10-01,2759.88
S001_d2,S001,2025-10-01,2934.21
S001_d4,S001,2025-10-01,2222.08
S001_d8,S001,2025-10-01,1969.51
S001_d15,S001,2025-10-01,2018.74
S001_d11,S001,2025-10-01,1919.71
S001_d10,S001,2025-10-01,1462.55
S001_d9,S001,2025-10-01,1601.36
S001_d13,S001,2025-10-01,1410.29
S001_d2,S001,2025-11-01,12759.51
S001_d6,S001,2025-11-01,7210.75
S001_d4,S001,2025-11-01,5248.38
S001_d10,S001,2025-11-01,5289.15
S001_d14,S001,2025-11-01,4058.42
S001_d1,S001,2025-11-01,2974.42
S001_d7,S001,2025-11-01,3195.77
S001_d11,S001,2025-11-01,2901.75
S001_d3,S001,2025-11-01,2675.63
S001_d5,S001,2025-11-01,2392.49
S001_d15,S001,2025-11-01,2231.44
S001_d16,S001,2025-11-01,2013.81
S001_d9,S001,2025-11-01,1849.59
S001_d12,S001,2025-11-01,1989.44
S001_d13,S001,2025-11-01,1727.92
S001_d12,S001,2025-12-01,8679.44
S001_d1,S001,2025-12-01,6584.47
S001_d3,S001,2025-12-01,4580.9
S001_d2,S001,2025-12-01,3808.2
S001_d16,S001,2025-12-01,4035.27
S001_d15,S001,2025-12-01,3206.23
S001_d5,S001,2025-12-01,2721.48
S001_d14,S001,2025-12-01,2374.27
S001_d4,S001,2025-12-01,1855.32
S001_d10,S001,2025-12-01,2534.69
S001_d6,S001,2025-12-01,1847.67
S001_d9,S001,2025-12-01,1774.67
S001_d13,S001,2025-12-01,2066.36
S001_d7,S001,2025-12-01,1800.16
S001_d8,S001,2025-12-01,1672.34
S002_d1,S002,2024-04-01,585.19
S002_d1,S002,2024-05-01,1789.04
S002_d1,S002,2024-06-01,3165.86
S002_d2,S002,2024-07-01,3506.39
S002_d1,S002,2024-07-01,2369.1
S002_d2,S002,2024-08-01,4915.1
S002_d1,S002,2024-08-01,2599.65
S002_d2,S002,2024-09-01,5043.12
S002_d3,S002,2024-09-01,3147.16
S002_d1,S002,2024-09-01,2269.83
S002_d4,S002,2024-10-01,3973.58
S002_d2,S002,2024-10-01,2213.81
S002_d1,S002,2024-10-01,1967.86
S002_d3,S002,2024-10-01,1617.6
S002_d4,S002,2024-11-01,5586.82
S002_d1,S002,2024-11-01,2742.64
S002_d3,S002,2024-11-01,1872.17
S002_d2,S002,2024-11-01,1322.03
S002_d1,S002,2024-12-01,4487.77
S002_d2,S002,2024-12-01,2108.68
S002_d5,S002,2024-12-01,1816.43
S002_d4,S002,2024-12-01,1601.72
S002_d1,S002,2025-01-01,4475.09
S002_d2,S002,2025-01-01,3607.91
S002_d6,S002,2025-01-01,2455.59
S002_d3,S002,2025-01-01,1882.92
S002_d5,S002,2025-02-01,4010.91
S002_d1,S002,2025-02-01,2322.73
S002_d3,S002,2025-02-01,2130.62
S002_d2,S002,2025-02-01,1488.99
S002_d6,S002,2025-02-01,1217.13
S002_d4,S002,2025-02-01,1179.37
S002_d7,S002,2025-02-01,1085.69
S002_d2,S002,2025-03-01,3550.93
S002_d6,S002,2025-03-01,2210.68
S002_d1,S002,2025-03-01,2062.32
S002_d5,S002,2025-03-01,1608.01
S002_d3,S002,2025-03-01,1049.62
S002_d4,S002,2025-03-01,1067.97
S002_d3,S002,2025-04-01,3759.25
S002_d5,S002,2025-04-01,1996.74
S002_d2,S002,2025-04-01,1413.44
S002_d1,S002,2025-04-01,1451.0
S002_d6,S002,2025-04-01,1177.2
S002_d8,S002,2025-04-01,1078.49
S002_d4,S002,2025-04-01,942.49
S002_d7,S002,2025-04-01,875.12
S002_d7,S002,2025-05-01,3512.99
S002_d5,S002,2025-05-01,2827.7
S002_d1,S002,2025-05-01,1574.23
S002_d4,S002,2025-05-01,1297.9
S002_d3,S002,2025-05-01,971.56
S002_d10,S002,2025-05-01,1011.9
S002_d2,S002,2025-05-01,1028.44
S002_d6,S002,2025-05-01,816.35
S002_d8,S002,2025-06-01,2906.16
S002_d2,S002,2025-06-01,2041.03
S002_d5,S002,2025-06-01,1776.72
S002_d9,S002,2025-06-01,1307.76
S002_d3,S002,2025-06-01,1107.5
S002_d4,S002,2025-06-01,841.85
S002_d6,S002,2025-06-01,941.91
S002_d1,S002,2025-06-01,861.44
S002_d4,S002,2025-07-01,4310.81
S002_d6,S002,2025-07-01,2663.24
S002_d5,S002,2025-07-01,1638.87
S002_d7,S002,2025-07-01,1620.55
S002_d2,S002,2025-07-01,1257.72
S002_d1,S002,2025-07-01,1065.7
S002_d3,S002,2025-07-01,1020.79
S002_d8,S002,2025-08-01,3561.19
S002_d5,S002,2025-08-01,2399.46
S002_d1,S002,2025-08-01,1844.36
S002_d4,S002,2025-08-01,1530.24
S002_d6,S002,2025-08-01,1028.44
S002_d3,S002,2025-08-01,1190.29
S002_d7,S002,2025-08-01,958.64
S002_d9,S002,2025-08-01,820.0
S002_d3,S002,2025-09-01,4451.96
S002_d4,S002,2025-09-01,2162.33
S002_d8,S002,2025-09-01,1676.56
S002_d5,S002,2025-09-01,1632.65
S002_d2,S002,2025-09-01,1164.93
S002_d6,S002,2025-09-01,1088.56
S002_d7,S002,2025-09-01,830.05
S002_d9,S002,2025-09-01,890.21
S002_d10,S002,2025-09-01,652.17
S002_d3,S002,2025-10-01,3898.33
S002_d7,S002,2025-10-01,2160.39
S002_d9,S002,2025-10-01,1533.48
S002_d4,S002,2025-10-01,1543.15
S002_d2,S002,2025-10-01,1084.16
S002_d6,S002,2025-10-01,983.78
S002_d5,S002,2025-10-01,940.72
S002_d1,S002,2025-10-01,796.33
S002_d8,S002,2025-10-01,758.89
S002_d3,S002,2025-11-01,3560.81
S002_d8,S002,2025-11-01,2382.29
S002_d4,S002,2025-11-01,1603.06
S002_d7,S002,2025-11-01,1492.3
S002_d9,S002,2025-11-01,1215.47
S002_d5,S002,2025-11-01,1174.82
S002_d2,S002,2025-11-01,1176.39
S002_d6,S002,2025-11-01,1037.86
S002_d1,S002,2025-11-01,915.04
S002_d9,S002,2025-12-01,3174.57
S002_d8,S002,2025-12-01,2070.46
S002_d3,S002,2025-12-01,1471.57
S002_d5,S002,2025-12-01,1242.31
S002_d6,S002,2025-12-01,946.68
S002_d4,S002,2025-12-01,1173.78
S002_d2,S002,2025-12-01,828.42
S002_d1,S002,2025-12-01,888.93
S002_d7,S002,2025-12-01,676.15
S003_d1,S003,2024-06-01,400.69
S003_d1,S003,2024-07-01,1310.74
S003_d1,S003,2024-08-01,2100.84
S003_d2,S003,2024-09-01,3117.51
S003_d1,S003,2024-09-01,1681.49
S003_d1,S003,2024-10-01,1971.34
S003_d2,S003,2024-10-01,1568.08
S003_d3,S003,2024-10-01,1026.87
S003_d3,S003,2024-11-01,2383.0
S003_d1,S003,2024-11-01,1390.75
S003_d2,S003,2024-11-01,1242.66
S003_d4,S003,2024-12-01,1334.53
S003_d3,S003,2024-12-01,911.97
S003_d1,S003,2024-12-01,653.15
S003_d2,S003,2024-12-01,555.2
S003_d4,S003,2025-01-01,1607.03
S003_d2,S003,2025-01-01,893.14
S003_d3,S003,2025-01-01,754.95
S003_d1,S003,2025-01-01,679.68
S003_d4,S003,2025-02-01,1330.17
S003_d5,S003,2025-02-01,775.76
S003_d1,S003,2025-02-01,600.98
S003_d2,S003,2025-02-01,473.67
S003_d3,S003,2025-02-01,446.86
S003_d1,S003,2025-03-01,1451.46
S003_d4,S003,2025-03-01,848.12
S003_d3,S003,2025-03-01,663.8
S003_d5,S003,2025-03-01,509.46
S003_d2,S003,2025-03-01,502.19
S003_d2,S003,2025-04-01,916.15
S003_d4,S003,2025-04-01,581.38
S003_d5,S003,2025-04-01,518.07
S003_d3,S003,2025-04-01,408.86
S003_d1,S003,2025-04-01,304.57
S003_d1,S003,2025-05-01,861.68
S003_d4,S003,2025-05-01,576.45
S003_d2,S003,2025-05-01,417.66
S003_d3,S003,2025-05-01,349.32
S003_d5,S003,2025-05-01,280.67
S003_d3,S003,2025-06-01,740.06
S003_d2,S003,2025-06-01,539.87
S003_d4,S003,2025-06-01,414.84
S003_d5,S003,2025-06-01,297.54
S003_d4,S003,2025-07-01,628.75
S003_d2,S003,2025-07-01,574.64
S003_d1,S003,2025-07-01,335.11
S003_d3,S003,2025-07-01,276.44
S003_d5,S003,2025-08-01,566.05
S003_d3,S003,2025-08-01,428.38
S003_d4,S003,2025-08-01,299.49
S003_d2,S003,2025-08-01,258.86
S003_d8,S003,2025-08-01,238.78
S003_d7,S003,2025-08-01,174.49
S003_d3,S003,2025-09-01,562.8
S003_d1,S003,2025-09-01,312.0
S003_d4,S003,2025-09-01,331.91
S003_d6,S003,2025-09-01,263.05
S003_d6,S003,2025-10-01,709.15
S003_d5,S003,2025-10-01,559.02
S003_d2,S003,2025-10-01,361.42
S003_d4,S003,2025-10-01,289.13
S003_d4,S003,2025-11-01,769.03
S003_d3,S003,2025-11-01,446.4
S003_d6,S003,2025-11-01,371.92
S003_d1,S003,2025-11-01,290.73
S003_d3,S003,2025-12-01,418.47
S003_d6,S003,2025-12-01,292.93
S003_d1,S003,2025-12-01,281.99
S003_d5,S003,2025-12-01,191.59
S004_d1,S004,2024-01-01,166.26
S004_d1,S004,2024-02-01,325.07
S004_d1,S004,2024-03-01,458.68
S004_d1,S004,2024-04-01,468.25
S004_d1,S004,2024-05-01,619.24
S004_d2,S004,2024-06-01,767.91
S004_d1,S004,2024-06-01,519.73
S004_d1,S004,2024-07-01,1482.89
S004_d2,S004,2024-07-01,911.94
S004_d2,S004,2024-08-01,2447.49
S004_d1,S004,2024-08-01,1524.34
S004_d2,S004,2024-09-01,2035.56
S004_d1,S004,2024-09-01,1169.66
S004_d3,S004,2024-10-01,3308.79
S004_d2,S004,2024-10-01,2088.96
S004_d1,S004,2024-11-01,2757.98
S004_d2,S004,2024-11-01,1627.31
S004_d3,S004,2024-11-01,1548.14
S004_d4,S004,2024-11-01,1150.92
S004_d2,S004,2024-12-01,2926.78
S004_d3,S004,2024-12-01,2133.71
S004_d4,S004,2024-12-01,1537.23
S004_d1,S004,2024-12-01,1186.23
S004_d6,S004,2025-01-01,3313.4
S004_d2,S004,2025-01-01,2227.98
S004_d3,S004,2025-01-01,1457.0
S004_d1,S004,2025-01-01,1238.44
S004_d5,S004,2025-01-01,1246.7
S004_d4,S004,2025-01-01,1134.4
S004_d1,S004,2025-02-01,3497.9
S004_d7,S004,2025-02-01,2448.06
S004_d4,S004,2025-02-01,1804.29
S004_d5,S004,2025-02-01,1400.14
S004_d2,S004,2025-02-01,1324.83
S004_d3,S004,2025-02-01,1039.47
S004_d6,S004,2025-02-01,820.62
S004_d3,S004,2025-03-01,2376.24
S004_d4,S004,2025-03-01,1316.39
S004_d1,S004,2025-03-01,1195.3
S004_d5,S004,2025-03-01,1099.83
S004_d8,S004,2025-03-01,880.57
S004_d2,S004,2025-03-01,736.28
S004_d6,S004,2025-03-01,657.61
S004_d7,S004,2025-03-01,516.9
S004_d7,S004,2025-04-01,3759.56
S004_d1,S004,2025-04-01,2793.31
S004_d3,S004,2025-04-01,2090.94
S004_d8,S004,2025-04-01,1406.41
S004_d4,S004,2025-04-01,1354.56
S004_d5,S004,2025-04-01,1323.61
S004_d2,S004,2025-04-01,1081.1
S004_d6,S004,2025-04-01,952.16
S004_d7,S004,2025-05-01,4168.3
S004_d11,S004,2025-05-01,2739.36
S004_d6,S004,2025-05-01,1964.78
S004_d8,S004,2025-05-01,1427.14
S004_d3,S004,2025-05-01,1211.18
S004_d1,S004,2025-05-01,1170.97
S004_d5,S004,2025-05-01,1119.69
S004_d4,S004,2025-05-01,1099.6
S004_d12,S004,2025-05-01,902.73
S004_d10,S004,2025-05-01,789.94
S004_d9,S004,2025-05-01,720.32
S004_d2,S004,2025-05-01,745.3
S004_d10,S004,2025-06-01,4311.93
S004_d12,S004,2025-06-01,2459.46
S004_d11,S004,2025-06-01,1844.1
S004_d8,S004,2025-06-01,1657.27
S004_d3,S004,2025-06-01,1362.37
S004_d9,S004,2025-06-01,1384.57
S004_d5,S004,2025-06-01,1064.03
S004_d13,S004,2025-06-01,925.32
S004_d7,S004,2025-06-01,980.42
S004_d1,S004,2025-06-01,773.04
S004_d6,S004,2025-06-01,629.54
S004_d2,S004,2025-06-01,872.39
S004_d4,S004,2025-06-01,690.48
S004_d12,S004,2025-07-01,5400.12
S004_d8,S004,2025-07-01,3168.43
S004_d2,S004,2025-07-01,1946.77
S004_d4,S004,2025-07-01,1998.75
S004_d5,S004,2025-07-01,1756.62
S004_d7,S004,2025-07-01,1399.19
S004_d9,S004,2025-07-01,1284.48
S004_d1,S004,2025-07-01,1083.03
S004_d13,S004,2025-07-01,1067.0
S004_d14,S004,2025-07-01,994.76
S004_d10,S004,2025-07-01,910.43
S004_d11,S004,2025-07-01,844.26
S004_d8,S004,2025-08-01,5901.98
S004_d12,S004,2025-08-01,3086.73
S004_d10,S004,2025-08-01,2434.14
S004_d16,S004,2025-08-01,2121.92
S004_d13,S004,2025-08-01,1728.93
S004_d3,S004,2025-08-01,1396.94
S004_d4,S004,2025-08-01,1291.53
S004_d7,S004,2025-08-01,1312.7
S004_d6,S004,2025-08-01,979.99
S004_d15,S004,2025-08-01,1071.43
S004_d1,S004,2025-08-01,1160.12
S004_d9,S004,2025-08-01,1054.13
S004_d5,S004,2025-08-01,929.24
S004_d14,S004,2025-09-01,4368.1
S004_d13,S004,2025-09-01,2809.24
S004_d20,S004,2025-09-01,1971.35
S004_d7,S004,2025-09-01,1680.39
S004_d10,S004,2025-09-01,1713.21
S004_d3,S004,2025-09-01,1370.49
S004_d18,S004,2025-09-01,1160.7
S004_d17,S004,2025-09-01,935.6
S004_d6,S004,2025-09-01,944.28
S004_d8,S004,2025-09-01,906.59
S004_d9,S004,2025-09-01,920.84
S004_d2,S004,2025-09-01,828.94
S004_d5,S004,2025-09-01,742.15
S004_d4,S004,2025-09-01,718.99
S004_d16,S004,2025-09-01,740.8
S004_d11,S004,2025-09-01,642.87
S004_d1,S004,2025-09-01,567.58
S004_d19,S004,2025-09-01,467.28
S004_d12,S004,2025-09-01,610.46
S004_d21,S004,2025-10-01,4589.71
S004_d4,S004,2025-10-01,3342.05
S004_d6,S004,2025-10-01,2401.81
S004_d5,S004,2025-10-01,1833.47
S004_d13,S004,2025-10-01,1608.45
S004_d7,S004,2025-10-01,1542.67
S004_d2,S004,2025-10-01,1153.74
S004_d14,S004,2025-10-01,1255.06
S004_d18,S004,2025-10-01,979.21
S004_d8,S004,2025-10-01,1018.34
S004_d9,S004,2025-10-01,902.81
S004_d3,S004,2025-10-01,800.55
S004_d15,S004,2025-10-01,944.23
S004_d16,S004,2025-10-01,730.55
S004_d12,S004,2025-10-01,719.95
S004_d11,S004,2025-10-01,814.12
S004_d20,S004,2025-10-01,779.25
S004_d1,S004,2025-10-01,566.84
S004_d18,S004,2025-11-01,4379.14
S004_d22,S004,2025-11-01,3334.27
S004_d10,S004,2025-11-01,2124.01
S004_d20,S004,2025-11-01,1921.33
S004_d19,S004,2025-11-01,1513.32
S004_d7,S004,2025-11-01,1112.35
S004_d11,S004,2025-11-01,1094.52
S004_d24,S004,2025-11-01,953.62
S004_d8,S004,2025-11-01,891.27
S004_d16,S004,2025-11-01,902.93
S004_d21,S004,2025-11-01,835.42
S004_d6,S004,2025-11-01,718.16
S004_d23,S004,2025-11-01,775.71
S004_d4,S004,2025-11-01,704.34
S004_d2,S004,2025-11-01,719.9
S004_d9,S004,2025-11-01,651.67
S004_d12,S004,2025-11-01,728.65
S004_d13,S004,2025-11-01,644.06
S004_d1,S004,2025-11-01,634.61
S004_d3,S004,2025-11-01,564.26
S004_d17,S004,2025-11-01,530.08
S004_d5,S004,2025-11-01,488.36
S004_d3,S004,2025-12-01,6422.8
S004_d21,S004,2025-12-01,3648.83
S004_d7,S004,2025-12-01,2542.25
S004_d9,S004,2025-12-01,2283.62
S004_d2,S004,2025-12-01,1720.27
S004_d22,S004,2025-12-01,1706.89
S004_d5,S004,2025-12-01,1553.92
S004_d12,S004,2025-12-01,1485.9
S004_d16,S004,2025-12-01,1133.2
S004_d10,S004,2025-12-01,965.86
S004_d1,S004,2025-12-01,1040.4
S004_d15,S004,2025-12-01,1018.01
S004_d20,S004,2025-12-01,893.5
S004_d6,S004,2025-12-01,875.93
S004_d19,S004,2025-12-01,754.06
S004_d4,S004,2025-12-01,782.57
S004_d13,S004,2025-12-01,904.32
S004_d11,S004,2025-12-01,676.37
S004_d8,S004,2025-12-01,731.42
S004_d14,S004,2025-12-01,685.23
S004_d17,S004,2025-12-01,782.31
S004_d23,S004,2025-12-01,585.87
S005_d1,S005,2024-01-01,221.94
S005_d1,S005,2024-02-01,338.59
S005_d1,S005,2024-03-01,776.58
S005_d1,S005,2024-04-01,875.23
S005_d1,S005,2024-05-01,744.79
S005_d2,S005,2024-05-01,480.77
S005_d1,S005,2024-06-01,1612.87
S005_d2,S005,2024-07-01,948.07
S005_d1,S005,2024-07-01,722.48
S005_d2,S005,2024-08-01,1171.82
S005_d1,S005,2024-08-01,853.9
S005_d3,S005,2024-09-01,1182.4
S005_d1,S005,2024-09-01,608.86
S005_d2,S005,2024-09-01,569.93
S005_d1,S005,2024-10-01,1343.03
S005_d2,S005,2024-10-01,1014.26
S005_d3,S005,2024-10-01,681.35
S005_d1,S005,2024-11-01,1118.48
S005_d2,S005,2024-11-01,684.62
S005_d4,S005,2024-11-01,523.08
S005_d3,S005,2024-11-01,532.25
S005_d2,S005,2024-12-01,1325.83
S005_d3,S005,2024-12-01,800.24
S005_d4,S005,2024-12-01,681.3
S005_d1,S005,2024-12-01,609.38
S005_d4,S005,2025-01-01,1771.49
S005_d1,S005,2025-01-01,896.45
S005_d3,S005,2025-01-01,813.14
S005_d2,S005,2025-01-01,454.0
S005_d3,S005,2025-02-01,1853.28
S005_d1,S005,2025-02-01,898.73
S005_d2,S005,2025-02-01,730.03
S005_d4,S005,2025-02-01,578.57
S005_d2,S005,2025-03-01,2256.08
S005_d4,S005,2025-03-01,1368.44
S005_d3,S005,2025-03-01,1071.1
S005_d1,S005,2025-04-01,1539.1
S005_d2,S005,2025-04-01,951.09
S005_d4,S005,2025-04-01,804.29
S005_d3,S005,2025-04-01,705.19
S005_d4,S005,2025-05-01,1849.93
S005_d5,S005,2025-05-01,1141.4
S005_d2,S005,2025-05-01,886.15
S005_d3,S005,2025-05-01,775.6
S005_d1,S005,2025-05-01,618.51
S005_d4,S005,2025-06-01,1758.59
S005_d5,S005,2025-06-01,1084.69
S005_d2,S005,2025-06-01,865.4
S005_d7,S005,2025-06-01,529.29
S005_d1,S005,2025-06-01,593.15
S005_d6,S005,2025-06-01,515.04
S005_d3,S005,2025-06-01,467.39
S005_d2,S005,2025-07-01,1668.55
S005_d4,S005,2025-07-01,1041.76
S005_d6,S005,2025-07-01,785.03
S005_d1,S005,2025-07-01,505.78
S005_d5,S005,2025-07-01,553.33
S005_d3,S005,2025-07-01,507.69
S005_d7,S005,2025-07-01,353.34
S005_d8,S005,2025-07-01,334.2
S005_d8,S005,2025-08-01,1632.03
S005_d6,S005,2025-08-01,1062.51
S005_d3,S005,2025-08-01,660.41
S005_d1,S005,2025-08-01,587.15
S005_d4,S005,2025-08-01,437.13
S005_d9,S005,2025-08-01,522.23
S005_d5,S005,2025-08-01,411.97
S005_d7,S005,2025-08-01,396.83
S005_d2,S005,2025-08-01,369.89
S005_d7,S005,2025-09-01,1840.21
S005_d6,S005,2025-09-01,1040.91
S005_d8,S005,2025-09-01,870.35
S005_d10,S005,2025-09-01,646.91
S005_d3,S005,2025-09-01,454.16
S005_d4,S005,2025-09-01,532.51
S005_d9,S005,2025-09-01,425.7
S005_d2,S005,2025-09-01,343.12
S005_d5,S005,2025-09-01,384.04
S005_d1,S005,2025-10-01,1516.03
S005_d10,S005,2025-10-01,951.71
S005_d8,S005,2025-10-01,854.08
S005_d3,S005,2025-10-01,529.65
S005_d9,S005,2025-10-01,392.27
S005_d6,S005,2025-10-01,513.47
S005_d2,S005,2025-10-01,410.5
S005_d7,S005,2025-10-01,413.52
S005_d4,S005,2025-10-01,362.33
S005_d5,S005,2025-10-01,306.66
S005_d8,S005,2025-11-01,1472.19
S005_d1,S005,2025-11-01,999.92
S005_d10,S005,2025-11-01,834.95
S005_d6,S005,2025-11-01,721.18
S005_d9,S005,2025-11-01,687.14
S005_d5,S005,2025-11-01,495.83
S005_d4,S005,2025-11-01,397.92
S005_d11,S005,2025-11-01,406.71
S005_d2,S005,2025-11-01,376.18
S005_d3,S005,2025-11-01,307.56
S005_d6,S005,2025-12-01,2497.15
S005_d9,S005,2025-12-01,1207.72
S005_d1,S005,2025-12-01,1101.42
S005_d3,S005,2025-12-01,660.87
S005_d10,S005,2025-12-01,682.08
S005_d8,S005,2025-12-01,596.95
S005_d7,S005,2025-12-01,503.02
S005_d5,S005,2025-12-01,496.9
S005_d2,S005,2025-12-01,437.23
S005_d4,S005,2025-12-01,443.09
S006_d1,S006,2024-01-01,207.61
S006_d1,S006,2024-02-01,235.98
S006_d1,S006,2024-03-01,360.02
S006_d1,S006,2024-04-01,358.26
S006_d2,S006,2024-05-01,419.45
S006_d2,S006,2024-06-01,449.08
S006_d1,S006,2024-07-01,320.76
S006_d2,S006,2024-07-01,194.05
S006_d1,S006,2024-08-01,315.33
S006_d2,S006,2024-08-01,233.13
S006_d1,S006,2024-09-01,1329.44
S006_d2,S006,2024-09-01,832.11
S006_d3,S006,2024-09-01,561.48
S006_d3,S006,2024-10-01,1464.31
S006_d1,S006,2024-10-01,780.89
S006_d2,S006,2024-10-01,587.78
S006_d4,S006,2024-11-01,1570.77
S006_d3,S006,2024-11-01,943.23
S006_d2,S006,2024-11-01,726.88
S006_d1,S006,2024-11-01,685.92
S006_d5,S006,2024-12-01,1590.16
S006_d3,S006,2024-12-01,1210.36
S006_d1,S006,2024-12-01,585.74
S006_d2,S006,2024-12-01,614.86
S006_d4,S006,2024-12-01,521.4
S006_d3,S006,2025-01-01,1411.42
S006_d1,S006,2025-01-01,793.12
S006_d2,S006,2025-01-01,643.04
S006_d5,S006,2025-01-01,604.89
S006_d4,S006,2025-01-01,560.19
S006_d5,S006,2025-02-01,1463.49
S006_d3,S006,2025-02-01,875.13
S006_d2,S006,2025-02-01,780.71
S006_d1,S006,2025-02-01,614.16
S006_d4,S006,2025-02-01,454.7
S006_d1,S006,2025-03-01,1565.37
S006_d6,S006,2025-03-01,1022.21
S006_d4,S006,2025-03-01,786.76
S006_d3,S006,2025-03-01,603.64
S006_d2,S006,2025-03-01,559.37
S006_d5,S006,2025-04-01,2449.9
S006_d2,S006,2025-04-01,1615.25
S006_d6,S006,2025-04-01,1238.26
S006_d1,S006,2025-04-01,910.68
S006_d4,S006,2025-04-01,755.25
S006_d3,S006,2025-04-01,750.37
S006_d1,S006,2025-05-01,2171.22
S006_d3,S006,2025-05-01,1636.31
S006_d4,S006,2025-05-01,1117.67
S006_d6,S006,2025-05-01,978.38
S006_d2,S006,2025-05-01,836.95
S006_d5,S006,2025-05-01,688.24
S006_d4,S006,2025-06-01,1957.99
S006_d3,S006,2025-06-01,1603.2
S006_d8,S006,2025-06-01,1141.12
S006_d7,S006,2025-06-01,816.08
S006_d1,S006,2025-06-01,794.26
S006_d5,S006,2025-06-01,696.75
S006_d6,S006,2025-06-01,682.7
S006_d1,S006,2025-07-01,2412.88
S006_d2,S006,2025-07-01,1566.47
S006_d7,S006,2025-07-01,1177.57
S006_d4,S006,2025-07-01,1045.69
S006_d5,S006,2025-07-01,735.31
S006_d8,S006,2025-07-01,852.24
S006_d6,S006,2025-07-01,678.3
S006_d3,S006,2025-07-01,554.83
S006_d1,S006,2025-08-01,2224.1
S006_d4,S006,2025-08-01,1389.81
S006_d8,S006,2025-08-01,1247.47
S006_d5,S006,2025-08-01,1046.83
S006_d3,S006,2025-08-01,805.39
S006_d2,S006,2025-08-01,785.91
S006_d7,S006,2025-08-01,619.41
S006_d4,S006,2025-09-01,2698.92
S006_d3,S006,2025-09-01,1650.97
S006_d6,S006,2025-09-01,1419.43
S006_d5,S006,2025-09-01,901.08
S006_d7,S006,2025-09-01,724.03
S006_d1,S006,2025-09-01,544.43
S006_d8,S006,2025-09-01,561.97
S006_d5,S006,2025-10-01,2482.52
S006_d8,S006,2025-10-01,1545.05
S006_d1,S006,2025-10-01,939.04
S006_d3,S006,2025-10-01,892.02
S006_d7,S006,2025-10-01,591.47
S006_d2,S006,2025-10-01,603.54
S006_d6,S006,2025-10-01,481.35
S006_d4,S006,2025-10-01,594.91
S006_d8,S006,2025-11-01,2532.56
S006_d7,S006,2025-11-01,1619.06
S006_d5,S006,2025-11-01,1208.74
S006_d4,S006,2025-11-01,973.97
S006_d6,S006,2025-11-01,884.16
S006_d1,S006,2025-11-01,766.39
S006_d2,S006,2025-11-01,648.8
S006_d3,S006,2025-11-01,581.34
S006_d4,S006,2025-12-01,2960.06
S006_d1,S006,2025-12-01,1822.63
S006_d7,S006,2025-12-01,1285.84
S006_d5,S006,2025-12-01,1051.01
S006_d6,S006,2025-12-01,759.18
S006_d8,S006,2025-12-01,816.03
S006_d3,S006,2025-12-01,792.43
S006_d2,S006,2025-12-01,644.45
S007_d1,S007,2024-01-01,664.89
S007_d1,S007,2024-02-01,729.73
S007_d1,S007,2024-03-01,935.57
S007_d1,S007,2024-04-01,1003.74
S007_d1,S007,2024-05-01,787.72
S007_d1,S007,2024-06-01,876.76
S007_d1,S007,2024-07-01,397.68
S007_d1,S007,2024-08-01,375.14
S007_d1,S007,2024-09-01,954.89
S007_d1,S007,2024-10-01,983.54
S007_d1,S007,2024-11-01,907.6
S007_d1,S007,2024-12-01,974.11
S007_d1,S007,2025-01-01,887.98
S007_d2,S007,2025-03-01,517.56
S007_d1,S007,2025-03-01,303.72
S007_d2,S007,2025-04-01,568.02
S007_d1,S007,2025-04-01,362.17
S007_d1,S007,2025-05-01,504.71
S007_d2,S007,2025-05-01,434.59
S007_d2,S007,2025-06-01,689.41
S007_d1,S007,2025-06-01,337.94
S007_d2,S007,2025-07-01,297.73
S007_d1,S007,2025-07-01,174.2
S007_d1,S007,2025-08-01,270.17
S007_d2,S007,2025-08-01,179.44
S007_d1,S007,2025-09-01,686.62
S007_d2,S007,2025-09-01,491.82
S007_d1,S007,2025-10-01,630.89
S007_d2,S007,2025-10-01,418.03
S007_d2,S007,2025-11-01,676.15
S007_d1,S007,2025-11-01,509.12
S007_d2,S007,2025-12-01,626.08
S007_d1,S007,2025-12-01,398.87
S008_d1,S008,2024-01-01,542.06
S008_d1,S008,2024-02-01,601.66
S008_d1,S008,2024-03-01,660.87
S008_d1,S008,2024-04-01,506.86
S008_d1,S008,2024-05-01,637.59
S008_d1,S008,2024-06-01,576.06
S008_d1,S008,2024-07-01,596.72
S008_d1,S008,2024-09-01,581.39
S008_d1,S008,2024-10-01,747.99
S008_d1,S008,2024-11-01,618.53
S008_d1,S008,2024-12-01,780.45
S008_d1,S008,2025-01-01,797.73
S008_d1,S008,2025-02-01,682.02
S008_d1,S008,2025-03-01,463.97
S008_d1,S008,2025-04-01,732.71
S008_d1,S008,2025-05-01,820.38
S008_d1,S008,2025-06-01,645.48
S008_d1,S008,2025-07-01,523.9
S008_d1,S008,2025-08-01,569.58
S008_d2,S008,2025-09-01,427.8
S008_d1,S008,2025-09-01,302.28
S008_d1,S008,2025-10-01,677.92
S008_d2,S008,2025-11-01,375.51
S008_d1,S008,2025-11-01,256.74
S008_d3,S008,2025-12-01,404.57
S008_d1,S008,2025-12-01,354.61
S009_d1,S009,2024-01-01,458.11
S009_d1,S009,2024-02-01,292.62
S009_d1,S009,2024-03-01,487.26
S009_d1,S009,2024-04-01,527.32
S009_d1,S009,2024-05-01,435.64
S009_d1,S009,2024-06-01,451.07
S009_d1,S009,2024-07-01,695.7
S009_d1,S009,2024-08-01,567.23
S009_d2,S009,2024-09-01,323.51
S009_d1,S009,2024-09-01,168.74
S009_d2,S009,2024-10-01,564.62
S009_d1,S009,2024-10-01,304.96
S009_d2,S009,2024-11-01,803.27
S009_d1,S009,2024-11-01,387.74
S009_d2,S009,2024-12-01,470.48
S009_d1,S009,2024-12-01,327.62
S009_d1,S009,2025-01-01,288.05
S009_d2,S009,2025-01-01,192.95
S009_d1,S009,2025-02-01,455.99
S009_d1,S009,2025-03-01,321.96
S009_d2,S009,2025-03-01,180.33
S009_d2,S009,2025-04-01,368.59
S009_d1,S009,2025-04-01,231.89
S009_d3,S009,2025-05-01,207.21
S009_d1,S009,2025-05-01,148.81
S009_d2,S009,2025-05-01,110.8
S009_d1,S009,2025-06-01,226.83
S009_d3,S009,2025-06-01,128.13
S009_d2,S009,2025-06-01,95.11
S009_d1,S009,2025-07-01,293.62
S009_d3,S009,2025-07-01,193.0
S009_d1,S009,2025-08-01,385.48
S009_d2,S009,2025-08-01,176.39
S009_d1,S009,2025-09-01,331.95
S009_d3,S009,2025-09-01,197.21
S009_d2,S009,2025-09-01,143.7
S009_d1,S009,2025-10-01,1063.05
S009_d1,S009,2025-11-01,1508.81
S009_d1,S009,2025-12-01,633.38
S010_d1,S010,2024-01-01,691.77
S010_d1,S010,2024-02-01,636.16
S010_d1,S010,2024-03-01,512.13
S010_d1,S010,2024-04-01,455.12
S010_d2,S010,2024-04-01,256.14
S010_d1,S010,2024-05-01,671.11
S010_d2,S010,2024-06-01,413.59
S010_d1,S010,2024-06-01,210.74
S010_d1,S010,2024-07-01,356.25
S010_d2,S010,2024-07-01,243.46
S010_d2,S010,2024-08-01,416.91
S010_d1,S010,2024-08-01,239.81
S010_d2,S010,2024-09-01,387.43
S010_d1,S010,2024-09-01,184.88
S010_d1,S010,2024-10-01,376.15
S010_d2,S010,2024-10-01,196.79
S010_d2,S010,2024-11-01,377.27
S010_d1,S010,2024-11-01,198.69
S010_d1,S010,2024-12-01,616.98
S010_d2,S010,2025-01-01,386.56
S010_d1,S010,2025-01-01,320.28
S010_d1,S010,2025-02-01,499.16
S010_d2,S010,2025-02-01,242.86
S010_d1,S010,2025-03-01,535.85
S010_d1,S010,2025-04-01,696.4
S010_d2,S010,2025-05-01,353.07
S010_d1,S010,2025-05-01,226.85
S010_d1,S010,2025-06-01,414.11
S010_d2,S010,2025-06-01,256.45
S010_d3,S010,2025-07-01,381.52
S010_d1,S010,2025-07-01,282.9
S010_d1,S010,2025-08-01,404.65
S010_d2,S010,2025-08-01,253.06
S010_d2,S010,2025-09-01,424.26
S010_d1,S010,2025-09-01,291.56
S010_d2,S010,2025-10-01,290.64
S010_d3,S010,2025-10-01,203.11
S010_d1,S010,2025-10-01,146.9
S010_d1,S010,2025-11-01,427.69
S010_d2,S010,2025-11-01,218.71
S010_d3,S010,2025-12-01,339.88
S010_d2,S010,2025-12-01,168.38
S010_d1,S010,2025-12-01,141.79
S011_d1,S011,2024-01-01,349.34
S011_d1,S011,2024-02-01,468.53
S011_d1,S011,2024-03-01,373.29
S011_d1,S011,2024-04-01,380.03
S011_d1,S011,2024-05-01,423.11
S011_d1,S011,2024-06-01,366.92
S011_d1,S011,2024-08-01,366.09
S011_d1,S011,2024-09-01,446.58
S011_d1,S011,2024-10-01,462.83
S011_d1,S011,2024-11-01,343.29
S011_d1,S011,2024-12-01,336.23
S011_d1,S011,2025-02-01,377.55
S011_d1,S011,2025-03-01,410.04
S011_d1,S011,2025-04-01,399.48
S011_d1,S011,2025-05-01,354.44
S011_d1,S011,2025-06-01,344.06
S011_d1,S011,2025-07-01,312.98
S011_d1,S011,2025-08-01,325.58
S011_d1,S011,2025-09-01,474.19
S011_d1,S011,2025-10-01,300.97
S011_d1,S011,2025-11-01,379.57
S011_d1,S011,2025-12-01,397.48
S012_d1,S012,2024-01-01,490.57
S012_d1,S012,2024-02-01,416.15
S012_d1,S012,2024-03-01,474.44
S012_d1,S012,2024-04-01,499.19
S012_d1,S012,2024-06-01,398.36
S012_d2,S012,2024-06-01,180.51
S012_d1,S012,2024-07-01,576.2
S012_d1,S012,2024-08-01,310.18
S012_d2,S012,2024-08-01,164.68
S012_d1,S012,2024-09-01,586.9
S012_d1,S012,2024-10-01,252.18
S012_d2,S012,2024-10-01,150.37
S012_d2,S012,2024-11-01,274.65
S012_d1,S012,2024-11-01,163.95
S012_d1,S012,2024-12-01,235.09
S012_d2,S012,2024-12-01,128.16
S012_d1,S012,2025-01-01,394.27
S012_d2,S012,2025-01-01,214.29
S012_d2,S012,2025-02-01,239.15
S012_d1,S012,2025-02-01,173.25
S012_d1,S012,2025-03-01,266.93
S012_d2,S012,2025-03-01,217.0
S012_d1,S012,2025-04-01,383.69
S012_d2,S012,2025-04-01,183.34
S012_d3,S012,2025-05-01,266.24
S012_d2,S012,2025-05-01,178.01
S012_d2,S012,2025-06-01,361.71
S012_d1,S012,2025-06-01,195.54
S012_d3,S012,2025-07-01,295.49
S012_d1,S012,2025-07-01,172.95
S012_d1,S012,2025-08-01,289.97
S012_d2,S012,2025-08-01,207.69
S012_d1,S012,2025-09-01,677.9
S012_d2,S012,2025-10-01,259.26
S012_d1,S012,2025-10-01,178.62
S012_d2,S012,2025-11-01,256.07
S012_d1,S012,2025-11-01,190.06
S012_d1,S012,2025-12-01,508.74
S013_d1,S013,2024-01-01,350.83
S013_d1,S013,2024-02-01,300.4
S013_d1,S013,2024-03-01,308.57
S013_d1,S013,2024-04-01,247.36
S013_d1,S013,2024-05-01,319.92
S013_d1,S013,2024-06-01,269.49
S013_d1,S013,2024-07-01,309.56
S013_d1,S013,2024-08-01,317.58
S013_d1,S013,2024-09-01,321.85
S013_d1,S013,2024-10-01,291.17
S013_d1,S013,2024-11-01,367.21
S013_d1,S013,2024-12-01,326.29
S013_d1,S013,2025-01-01,332.8
S013_d1,S013,2025-02-01,310.14
S013_d1,S013,2025-03-01,329.73
S013_d1,S013,2025-04-01,344.29
S013_d1,S013,2025-05-01,275.55
S013_d1,S013,2025-06-01,372.14
S013_d1,S013,2025-08-01,393.12
S013_d1,S013,2025-09-01,397.0
S013_d1,S013,2025-10-01,271.36
S013_d1,S013,2025-11-01,293.34
S013_d1,S013,2025-12-01,286.9
S014_d1,S014,2024-01-01,462.99
S014_d1,S014,2024-02-01,343.68
S014_d1,S014,2024-03-01,506.73
S014_d1,S014,2024-04-01,418.92
S014_d1,S014,2024-05-01,456.12
S014_d1,S014,2024-06-01,494.79
S014_d1,S014,2024-07-01,614.41
S014_d1,S014,2024-08-01,569.96
S014_d1,S014,2024-09-01,344.33
S014_d2,S014,2024-09-01,155.2
S014_d1,S014,2024-10-01,318.04
S014_d2,S014,2024-10-01,184.22
S014_d2,S014,2024-11-01,309.3
S014_d1,S014,2024-11-01,169.79
S014_d2,S014,2024-12-01,334.41
S014_d1,S014,2024-12-01,213.81
S014_d1,S014,2025-01-01,330.23
S014_d3,S014,2025-01-01,193.87
S014_d2,S014,2025-02-01,294.59
S014_d1,S014,2025-02-01,258.27
S014_d1,S014,2025-03-01,236.85
S014_d2,S014,2025-03-01,246.8
S014_d1,S014,2025-04-01,302.78
S014_d2,S014,2025-04-01,191.82
S014_d1,S014,2025-05-01,547.97
S014_d1,S014,2025-06-01,349.04
S014_d2,S014,2025-06-01,222.73
S014_d1,S014,2025-07-01,286.25
S014_d2,S014,2025-07-01,194.27
S014_d1,S014,2025-08-01,258.21
S014_d2,S014,2025-08-01,201.1
S014_d3,S014,2025-09-01,253.4
S014_d2,S014,2025-09-01,163.22
S014_d1,S014,2025-09-01,118.91
S014_d2,S014,2025-10-01,396.93
S014_d1,S014,2025-10-01,217.69
S014_d1,S014,2025-11-01,489.95
S014_d2,S014,2025-12-01,319.96
S014_d1,S014,2025-12-01,191.51
S015_d1,S015,2024-01-01,373.7
S015_d1,S015,2024-02-01,502.46
S015_d1,S015,2024-03-01,357.26
S015_d1,S015,2024-04-01,363.09
S015_d1,S015,2024-05-01,333.63
S015_d1,S015,2024-06-01,312.38
S015_d1,S015,2024-07-01,331.1
S015_d1,S015,2024-08-01,331.95
S015_d1,S015,2024-09-01,361.49
S015_d1,S015,2024-10-01,307.12
S015_d1,S015,2024-11-01,317.28
S015_d1,S015,2024-12-01,389.09
S015_d1,S015,2025-01-01,374.57
S015_d1,S015,2025-02-01,373.62
S015_d1,S015,2025-03-01,286.19
S015_d1,S015,2025-04-01,277.23
S015_d1,S015,2025-05-01,396.67
S015_d1,S015,2025-06-01,492.45
S015_d1,S015,2025-07-01,539.06
S015_d1,S015,2025-08-01,390.89
S015_d1,S015,2025-09-01,413.25
S015_d1,S015,2025-10-01,431.12
S015_d1,S015,2025-11-01,396.42
S015_d1,S015,2025-12-01,405.21
S016_d1,S016,2024-01-01,512.35
S016_d1,S016,2024-02-01,868.55
S016_d2,S016,2024-03-01,556.06
S016_d1,S016,2024-03-01,430.17
S016_d2,S016,2024-04-01,910.01
S016_d1,S016,2024-04-01,403.86
S016_d1,S016,2024-05-01,905.07
S016_d2,S016,2024-05-01,598.3
S016_d2,S016,2024-06-01,920.92
S016_d1,S016,2024-06-01,555.13
S016_d3,S016,2024-06-01,441.89
S016_d4,S016,2024-07-01,969.45
S016_d3,S016,2024-07-01,521.09
S016_d1,S016,2024-07-01,350.41
S016_d2,S016,2024-07-01,346.0
S016_d3,S016,2024-08-01,708.28
S016_d4,S016,2024-08-01,416.3
S016_d2,S016,2024-08-01,376.42
S016_d1,S016,2024-08-01,267.8
S016_d5,S016,2024-08-01,244.86
S016_d2,S016,2024-09-01,494.31
S016_d1,S016,2024-09-01,460.37
S016_d5,S016,2024-09-01,326.92
S016_d4,S016,2024-09-01,263.57
S016_d3,S016,2024-09-01,187.87
S016_d4,S016,2024-10-01,630.85
S016_d2,S016,2024-10-01,421.87
S016_d1,S016,2024-10-01,284.23
S016_d3,S016,2024-10-01,223.16
S016_d3,S016,2024-11-01,672.31
S016_d4,S016,2024-11-01,381.81
S016_d2,S016,2024-11-01,304.09
S016_d1,S016,2024-11-01,201.45
S016_d3,S016,2024-12-01,482.36
S016_d4,S016,2024-12-01,338.82
S016_d1,S016,2024-12-01,224.53
S016_d2,S016,2025-01-01,456.74
S016_d1,S016,2025-01-01,255.12
S016_d3,S016,2025-01-01,198.2
S016_d2,S016,2025-02-01,397.97
S016_d3,S016,2025-02-01,195.35
S016_d1,S016,2025-02-01,148.15
S016_d3,S016,2025-03-01,306.43
S016_d1,S016,2025-03-01,228.08
S016_d1,S016,2025-04-01,252.8
S016_d2,S016,2025-04-01,186.37
S016_d2,S016,2025-05-01,206.73
S016_d1,S016,2025-05-01,120.66
S016_d2,S016,2025-06-01,192.55
S016_d1,S016,2025-06-01,137.9
S016_d1,S016,2025-07-01,248.8
S016_d1,S016,2025-08-01,240.58
S016_d1,S016,2025-09-01,272.4
S016_d1,S016,2025-10-01,195.16
S016_d1,S016,2025-11-01,177.79
S016_d2,S016,2025-12-01,165.43
S017_d1,S017,2024-01-01,46.06
S017_d1,S017,2024-02-01,58.12
S017_d1,S017,2024-03-01,136.39
S017_d2,S017,2024-04-01,157.08
S017_d1,S017,2024-04-01,75.2
S017_d2,S017,2024-05-01,138.15
S017_d1,S017,2024-05-01,118.18
S017_d3,S017,2024-05-01,76.4
S017_d2,S017,2024-06-01,174.41
S017_d1,S017,2024-06-01,114.31
S017_d3,S017,2024-06-01,92.55
S017_d1,S017,2024-07-01,228.12
S017_d2,S017,2024-07-01,160.82
S017_d3,S017,2024-07-01,119.1
S017_d3,S017,2024-08-01,308.1
S017_d1,S017,2024-08-01,181.92
S017_d2,S017,2024-08-01,114.86
S017_d1,S017,2024-09-01,308.01
S017_d2,S017,2024-09-01,252.87
S017_d3,S017,2024-09-01,159.87
S017_d2,S017,2024-10-01,510.5
S017_d1,S017,2024-10-01,226.49
S017_d1,S017,2024-11-01,267.42
S017_d2,S017,2024-11-01,156.54
S017_d2,S017,2024-12-01,480.81
S017_d1,S017,2025-01-01,393.59
S017_d1,S017,2025-02-01,160.93
S017_d1,S017,2025-03-01,77.62
S017_d2,S017,2025-04-01,83.94
S017_d2,S017,2025-05-01,99.76
S017_d2,S017,2025-06-01,79.62
S017_d3,S017,2025-07-01,90.82
S017_d1,S017,2025-08-01,91.02
S017_d1,S017,2025-09-01,80.58
S017_d2,S017,2025-10-01,70.65
S018_d1,S018,2024-01-01,31.68
S018_d2,S018,2024-01-01,20.3
S018_d2,S018,2024-02-01,32.46
S018_d1,S018,2024-02-01,21.09
S018_d1,S018,2024-03-01,86.65
S018_d2,S018,2024-03-01,65.97
S018_d1,S018,2024-04-01,149.32
S018_d2,S018,2024-04-01,105.95
S018_d1,S018,2024-05-01,172.7
S018_d3,S018,2024-05-01,97.99
S018_d2,S018,2024-05-01,80.67
S018_d2,S018,2024-06-01,218.73
S018_d3,S018,2024-06-01,153.67
S018_d1,S018,2024-06-01,121.47
S018_d1,S018,2024-07-01,305.98
S018_d2,S018,2024-07-01,232.94
S018_d3,S018,2024-07-01,143.75
S018_d2,S018,2024-08-01,280.97
S018_d1,S018,2024-08-01,144.32
S018_d2,S018,2024-09-01,236.36
S018_d1,S018,2024-09-01,138.44
S018_d1,S018,2024-10-01,315.24
S018_d1,S018,2024-11-01,242.19
S018_d1,S018,2024-12-01,147.57
S018_d1,S018,2025-01-01,51.39
S018_d1,S018,2025-02-01,68.12
S018_d1,S018,2025-03-01,47.4
S018_d2,S018,2025-04-01,60.02
S018_d1,S018,2025-05-01,54.45
S018_d1,S018,2025-06-01,49.93
S018_d1,S018,2025-07-01,71.72
S018_d1,S018,2025-08-01,49.63
S018_d1,S018,2025-09-01,61.45
S019_d1,S019,2024-01-01,49.02
S019_d1,S019,2024-02-01,30.79
S019_d2,S019,2024-02-01,20.95
S019_d1,S019,2024-03-01,80.07
S019_d2,S019,2024-03-01,45.99
S019_d1,S019,2024-04-01,124.37
S019_d2,S019,2024-04-01,84.51
S019_d3,S019,2024-05-01,171.34
S019_d1,S019,2024-05-01,108.8
S019_d2,S019,2024-05-01,71.6
S019_d1,S019,2024-06-01,224.96
S019_d2,S019,2024-06-01,120.62
S019_d3,S019,2024-06-01,105.3
S019_d1,S019,2024-07-01,216.84
S019_d2,S019,2024-07-01,149.65
S019_d3,S019,2024-07-01,105.46
S019_d2,S019,2024-08-01,325.7
S019_d1,S019,2024-08-01,179.41
S019_d4,S019,2024-08-01,147.14
S019_d3,S019,2024-08-01,139.04
S019_d1,S019,2024-09-01,346.57
S019_d4,S019,2024-09-01,255.02
S019_d2,S019,2024-09-01,186.8
S019_d3,S019,2024-09-01,175.76
S019_d2,S019,2024-10-01,342.53
S019_d3,S019,2024-10-01,189.36
S019_d4,S019,2024-10-01,165.35
S019_d1,S019,2024-10-01,128.29
S019_d3,S019,2024-11-01,352.92
S019_d4,S019,2024-11-01,216.39
S019_d2,S019,2024-11-01,172.09
S019_d5,S019,2024-11-01,168.73
S019_d1,S019,2024-11-01,126.94
S019_d4,S019,2024-12-01,442.5
S019_d1,S019,2024-12-01,272.19
S019_d2,S019,2024-12-01,178.14
S019_d5,S019,2024-12-01,147.35
S019_d3,S019,2024-12-01,131.03
S019_d3,S019,2025-01-01,525.38
S019_d2,S019,2025-01-01,366.84
S019_d1,S019,2025-01-01,316.35
S019_d4,S019,2025-01-01,204.08
S019_d5,S019,2025-01-01,232.18
S019_d3,S019,2025-02-01,1228.14
S019_d6,S019,2025-02-01,721.99
S019_d5,S019,2025-03-01,787.39
S019_d1,S019,2025-03-01,584.94
S019_d3,S019,2025-03-01,339.23
S020_d1,S020,2024-01-01,52.69
S020_d2,S020,2024-02-01,31.56
S020_d1,S020,2024-02-01,19.74
S020_d2,S020,2024-03-01,76.9
S020_d1,S020,2024-03-01,44.43
S020_d2,S020,2024-04-01,130.12
S020_d1,S020,2024-04-01,77.38
S020_d3,S020,2024-05-01,138.84
S020_d2,S020,2024-05-01,85.46
S020_d1,S020,2024-05-01,61.29
S020_d1,S020,2024-06-01,191.48
S020_d2,S020,2024-06-01,105.55
S020_d3,S020,2024-06-01,80.33
S020_d3,S020,2024-07-01,266.26
S020_d2,S020,2024-07-01,144.01
S020_d1,S020,2024-07-01,116.2
S020_d1,S020,2024-08-01,245.3
S020_d4,S020,2024-08-01,136.88
S020_d2,S020,2024-08-01,98.79
S020_d3,S020,2024-08-01,93.69
S020_d3,S020,2024-09-01,356.89
S020_d1,S020,2024-09-01,205.2
S020_d2,S020,2024-09-01,129.5
S020_d4,S020,2024-09-01,135.93
S020_d3,S020,2024-10-01,310.03
S020_d4,S020,2024-10-01,224.61
S020_d1,S020,2024-10-01,128.44
S020_d2,S020,2024-10-01,135.5
S020_d1,S020,2024-11-01,368.14
S020_d2,S020,2024-11-01,211.52
S020_d3,S020,2024-11-01,189.38
S020_d4,S020,2024-11-01,149.93
S020_d5,S020,2024-11-01,128.3
S020_d5,S020,2024-12-01,446.07
S020_d4,S020,2024-12-01,233.76
S020_d2,S020,2024-12-01,170.67
S020_d1,S020,2024-12-01,150.0
S020_d3,S020,2024-12-01,119.99
S020_d1,S020,2025-01-01,587.52
S020_d2,S020,2025-01-01,305.62
S020_d3,S020,2025-01-01,238.38
S020_d3,S020,2025-02-01,489.47
S020_d2,S020,2025-02-01,355.05
S020_d7,S020,2025-03-01,814.69
S020_d3,S020,2025-04-01,602.92
S020_d3,S020,2025-05-01,320.43
S020_d4,S020,2025-06-01,269.11
S020_d2,S020,2025-07-01,126.9
S020_d3,S020,2025-08-01,124.28
S021_d1,S021,2024-01-01,60.0
S021_d1,S021,2024-02-01,75.34
S021_d2,S021,2024-02-01,48.37
S021_d1,S021,2024-03-01,181.49
S021_d2,S021,2024-03-01,103.29
S021_d2,S021,2024-04-01,277.59
S021_d1,S021,2024-04-01,184.33
S021_d2,S021,2024-05-01,442.37
S021_d3,S021,2024-05-01,260.27
S021_d1,S021,2024-05-01,188.07
S021_d3,S021,2024-06-01,529.5
S021_d2,S021,2024-06-01,380.73
S021_d1,S021,2024-06-01,279.95
S021_d3,S021,2024-07-01,673.62
S021_d1,S021,2024-07-01,421.49
S021_d2,S021,2024-07-01,297.02
S021_d1,S021,2024-08-01,648.32
S021_d2,S021,2024-08-01,412.91
S021_d4,S021,2024-08-01,327.42
S021_d3,S021,2024-08-01,262.27
S021_d1,S021,2024-09-01,735.92
S021_d3,S021,2024-09-01,451.63
S021_d4,S021,2024-09-01,328.65
S021_d2,S021,2024-09-01,341.3
S021_d3,S021,2024-10-01,927.02
S021_d1,S021,2024-10-01,614.68
S021_d2,S021,2024-10-01,474.37
S021_d4,S021,2024-10-01,350.95
S021_d1,S021,2024-11-01,978.68
S021_d3,S021,2024-11-01,620.42
S021_d2,S021,2024-11-01,448.03
S021_d2,S021,2024-12-01,1490.97
S021_d1,S021,2024-12-01,785.28
S021_d1,S021,2025-01-01,1255.21
S021_d2,S021,2025-01-01,688.4
S021_d1,S021,2025-02-01,1627.35
S021_d2,S021,2025-03-01,1132.33
S021_d1,S021,2025-04-01,479.16
S021_d2,S021,2025-05-01,246.23
S021_d2,S021,2025-06-01,301.62
S022_d1,S022,2024-01-01,0.05
S022_d1,S022,2024-02-01,0.01
S023_d1,S023,2024-01-01,0.04
S023_d1,S023,2024-03-01,0.03
S023_d2,S023,2024-05-01,0.05
S023_d1,S023,2024-07-01,0.03
S023_d1,S023,2024-09-01,0.02
S023_d2,S023,2024-11-01,0.05
S023_d1,S023,2025-01-01,0.07
S023_d1,S023,2025-03-01,0.05
S023_d1,S023,2025-07-01,428.25
S023_d1,S023,2025-08-01,377.52
S023_d1,S023,2025-09-01,401.03
S023_d1,S023,2025-10-01,364.32
