startup_id,month,total_tokens,api_calls,revenue_usd,sonnet_pct,opus_pct,haiku_pct,unique_use_cases,active_developers,avg_latency_ms,error_rate
S001,2024-01-01,12223771,12213,122.24,0.752,0.15,0.098,4,5,397.0,0.0168
S001,2024-02-01,56907219,30606,569.07,0.752,0.135,0.113,6,7,431.0,0.0149
S001,2024-03-01,174188763,172657,1741.89,0.771,0.129,0.1,8,10,464.0,0.016
S001,2024-04-01,213938186,180171,2139.38,0.755,0.146,0.099,8,14,468.0,0.018
S001,2024-05-01,254211477,180272,2542.11,0.743,0.153,0.104,11,16,485.0,0.0187
S001,2024-06-01,251394726,216709,2513.95,0.737,0.148,0.115,14,17,487.0,0.0197
S001,2024-07-01,321261212,304408,3212.61,0.746,0.138,0.116,16,23,492.0,0.0223
S001,2024-08-01,301941096,177061,3019.41,0.756,0.155,0.089,16,28,487.0,0.0219
S001,2024-09-01,440234151,242783,4402.34,0.775,0.185,0.04,16,26,505.0,0.0176
S001,2024-10-01,508510887,342713,5085.11,0.795,0.183,0.022,16,31,511.0,0.0147
S001,2024-11-01,608361649,536537,6083.62,0.767,0.184,0.049,15,33,520.0,0.017
S001,2024-12-01,523236813,268369,5232.37,0.767,0.162,0.071,16,30,519.0,0.0124
S001,2025-01-01,704130768,354721,7041.31,0.733,0.158,0.109,14,26,514.0,0.0125
S001,2025-02-01,762448017,446029,7624.48,0.703,0.157,0.14,16,33,518.0,0.0144
S001,2025-03-01,928838855,628643,9288.39,0.683,0.163,0.154,16,35,524.0,0.0127
S001,2025-04-01,1113155564,810458,11131.56,0.684,0.162,0.154,14,34,511.0,0.0119
S001,2025-05-01,1294687421,711020,12946.87,0.654,0.148,0.198,14,33,499.0,0.0172
S001,2025-06-01,1278492403,657914,12784.92,0.639,0.148,0.213,14,35,503.0,0.0116
S001,2025-07-01,1533122582,1357566,15331.23,0.635,0.152,0.213,16,31,499.0,0.0155
S001,2025-08-01,1766652455,1331411,17666.52,0.608,0.135,0.257,14,24,486.0,0.0176
S001,2025-09-01,1923768926,1109322,19237.69,0.581,0.14,0.279,14,35,487.0,0.0114
S001,2025-10-01,2552934867,2155824,25529.35,0.585,0.135,0.28,16,35,483.0,0.0122
S001,2025-11-01,3006111778,2686150,30061.12,0.635,0.12,0.245,16,35,480.0,0.0133
S001,2025-12-01,2744442189,1593298,27444.42,0.62,0.12,0.26,14,35,491.0,0.013
S002,2024-04-01,23971503,13825,239.72,0.584,0.237,0.179,2,1,418.0,0.0243
S002,2024-05-01,57092288,25050,570.92,0.587,0.227,0.186,2,2,462.0,0.0237
S002,2024-06-01,106147825,64654,1061.48,0.597,0.236,0.167,4,2,486.0,0.0216
S002,2024-07-01,231659700,121336,2316.6,0.577,0.231,0.192,5,4,511.0,0.0189
S002,2024-08-01,295557017,147263,2955.57,0.556,0.236,0.208,6,5,523.0,0.0162
S002,2024-09-01,389707117,199983,3897.07,0.559,0.239,0.202,8,9,526.0,0.0207
S002,2024-10-01,378893420,308304,3788.93,0.549,0.254,0.197,7,10,534.0,0.0186
S002,2024-11-01,383708678,200259,3837.09,0.526,0.257,0.217,9,15,551.0,0.0181
S002,2024-12-01,343616108,280830,3436.16,0.526,0.257,0.217,7,16,573.0,0.016
S002,2025-01-01,445384216,395252,4453.84,0.53,0.257,0.213,9,20,573.0,0.0193
S002,2025-02-01,474794803,382482,4747.95,0.569,0.253,0.178,9,19,575.0,0.0216
S002,2025-03-01,450798608,339956,4507.99,0.557,0.243,0.2,8,16,579.0,0.0229
S002,2025-04-01,475532019,257543,4755.32,0.547,0.244,0.209,7,20,566.0,0.024
S002,2025-05-01,471238292,240732,4712.38,0.545,0.236,0.219,9,22,555.0,0.0269
S002,2025-06-01,474490762,231142,4744.91,0.548,0.241,0.211,8,21,549.0,0.0236
S002,2025-07-01,518220262,246480,5182.2,0.541,0.251,0.208,7,19,552.0,0.0189
S002,2025-08-01,506550074,265107,5065.5,0.554,0.232,0.214,9,21,567.0,0.0193
S002,2025-09-01,571721983,292841,5717.22,0.519,0.218,0.263,8,22,553.0,0.0219
S002,2025-10-01,583214956,524544,5832.15,0.545,0.212,0.243,9,22,539.0,0.017
S002,2025-11-01,633584544,435237,6335.85,0.571,0.208,0.221,9,22,541.0,0.0182
S002,2025-12-01,552777417,420592,5527.77,0.568,0.196,0.236,8,22,518.0,0.0194
S003,2024-06-01,19433466,8971,194.33,0.546,0.204,0.25,1,1,299.0,0.0163
S003,2024-07-01,58516055,27487,585.16,0.541,0.201,0.258,2,3,357.0,0.0142
S003,2024-08-01,107852481,79350,1078.52,0.504,0.191,0.305,3,3,401.0,0.0172
S003,2024-09-01,201374300,177606,2013.74,0.507,0.187,0.306,4,6,419.0,0.0223
S003,2024-10-01,214374575,178825,2143.75,0.463,0.197,0.34,7,7,455.0,0.0215
S003,2024-11-01,251459183,154492,2514.59,0.463,0.187,0.35,7,9,460.0,0.0179
S003,2024-12-01,159368624,91650,1593.69,0.425,0.194,0.381,8,11,462.0,0.0211
S003,2025-01-01,197209164,182502,1972.09,0.41,0.19,0.4,9,13,482.0,0.0225
S003,2025-02-01,170134377,125809,1701.34,0.372,0.196,0.432,7,14,481.0,0.0255
S003,2025-03-01,199527889,116179,1995.28,0.345,0.183,0.472,6,15,461.0,0.0232
S003,2025-04-01,170038102,129258,1700.38,0.355,0.159,0.486,7,14,439.0,0.0227
S003,2025-05-01,147268378,78400,1472.68,0.333,0.156,0.511,4,14,435.0,0.0188
S003,2025-06-01,128251728,68087,1282.52,0.326,0.139,0.535,5,13,430.0,0.0159
S003,2025-07-01,126452609,129522,1264.53,0.321,0.134,0.545,4,13,425.0,0.0088
S003,2025-08-01,125302229,74192,1253.02,0.33,0.13,0.54,1,17,434.0,0.009
S003,2025-09-01,120349106,95136,1203.49,0.32,0.115,0.565,1,11,428.0,0.0129
S003,2025-10-01,139482245,102494,1394.82,0.345,0.113,0.542,3,15,435.0,0.0088
S003,2025-11-01,133309954,110321,1333.1,0.35,0.105,0.545,1,12,424.0,0.0032
S003,2025-12-01,102999706,60631,1030.0,0.321,0.091,0.588,3,12,415.0,0.001
S004,2024-01-01,40354274,38431,153.35,0.2,0.0,0.8,2,2,405.0,0.0145
S004,2024-02-01,48594299,20648,290.59,0.25,0.02,0.73,2,2,528.4,0.0117
S004,2024-03-01,53234905,50240,395.0,0.3,0.03,0.67,3,3,393.7,0.0201
S004,2024-04-01,51923918,37150,462.12,0.3,0.05,0.65,3,3,480.0,0.0209
S004,2024-05-01,59704406,27405,573.16,0.35,0.05,0.6,4,4,511.9,0.0101
S004,2024-06-01,89908378,37519,1258.72,0.4,0.1,0.5,5,5,418.1,0.0131
S004,2024-07-01,133386384,79719,2360.94,0.4,0.15,0.45,6,6,368.5,0.0119
S004,2024-08-01,182900833,82856,3694.6,0.42,0.18,0.4,8,7,511.4,0.0246
S004,2024-09-01,140999508,47857,3017.39,0.4,0.2,0.4,7,7,425.7,0.021
S004,2024-10-01,227267864,101593,5263.52,0.42,0.22,0.36,8,10,522.3,0.0215
S004,2024-11-01,284835321,260922,7229.12,0.42,0.25,0.33,10,12,395.6,0.0158
S004,2024-12-01,291489598,198890,8394.9,0.4,0.3,0.3,12,14,370.2,0.0156
S004,2025-01-01,386478838,223441,11238.8,0.42,0.3,0.28,12,16,424.0,0.0142
S004,2025-02-01,424247927,147651,12515.31,0.45,0.3,0.25,14,17,479.6,0.0222
S004,2025-03-01,305804449,124399,9473.82,0.45,0.32,0.23,12,15,382.7,0.0176
S004,2025-04-01,492928567,216196,15635.69,0.45,0.33,0.22,14,18,461.4,0.0237
S004,2025-05-01,557951375,218632,17932.56,0.48,0.33,0.19,14,19,395.8,0.0106
S004,2025-06-01,590311732,384447,19409.45,0.48,0.34,0.18,15,20,392.2,0.0289
S004,2025-07-01,686754942,421488,22264.6,0.5,0.33,0.17,15,20,481.1,0.0179
S004,2025-08-01,707454991,368907,23459.21,0.5,0.34,0.16,16,21,403.0,0.0149
S004,2025-09-01,714916036,468648,24235.65,0.5,0.35,0.15,16,21,466.9,0.028
S004,2025-10-01,754616699,524534,25581.51,0.5,0.35,0.15,16,22,549.5,0.0202
S004,2025-11-01,745506386,681305,26167.27,0.48,0.37,0.15,16,22,371.9,0.0225
S004,2025-12-01,926312122,502251,31401.98,0.5,0.35,0.15,16,22,362.7,0.0176
S005,2024-01-01,14211345,5221,215.07,0.74,0.051,0.209,1,2,352.3,0.0244
S005,2024-02-01,25899704,11349,385.08,0.721,0.051,0.228,2,3,372.3,0.0187
S005,2024-03-01,43257294,28332,689.09,0.707,0.068,0.225,2,3,450.1,0.0136
S005,2024-04-01,54097891,23749,870.98,0.735,0.065,0.2,3,3,471.8,0.0131
S005,2024-05-01,83499619,40519,1253.5,0.726,0.052,0.222,3,4,350.1,0.0165
S005,2024-06-01,102691276,38557,1590.89,0.681,0.067,0.252,3,4,411.5,0.0112
S005,2024-07-01,103146446,52306,1680.67,0.733,0.068,0.199,4,5,363.8,0.0252
S005,2024-08-01,152079022,72432,2091.69,0.726,0.035,0.239,4,5,403.0,0.0274
S005,2024-09-01,176515838,71758,2415.09,0.705,0.038,0.257,4,5,390.2,0.0162
S005,2024-10-01,172423841,84722,2673.26,0.74,0.056,0.204,5,6,374.2,0.0145
S005,2024-11-01,194002100,134683,2870.46,0.7,0.054,0.246,5,6,364.2,0.0226
S005,2024-12-01,223710736,195942,3489.89,0.694,0.066,0.24,5,7,397.6,0.0234
S005,2025-01-01,289712323,135247,3850.86,0.693,0.035,0.272,6,7,444.5,0.0257
S005,2025-02-01,267211919,143500,3742.04,0.728,0.038,0.234,6,7,434.7,0.0193
S005,2025-03-01,301752355,252125,4633.11,0.724,0.057,0.219,6,8,430.5,0.0168
S005,2025-04-01,307713524,162191,4371.99,0.732,0.04,0.228,6,8,434.4,0.0156
S005,2025-05-01,315814928,115993,4954.5,0.695,0.067,0.238,7,8,460.1,0.011
S005,2025-06-01,362327597,127010,5805.21,0.74,0.063,0.197,7,9,519.7,0.0133
S005,2025-07-01,413275803,369897,5708.17,0.709,0.039,0.252,7,9,425.8,0.0297
S005,2025-08-01,403419078,218535,6155.37,0.696,0.061,0.243,7,9,541.5,0.0299
S005,2025-09-01,406272181,254969,6235.47,0.713,0.059,0.228,8,10,543.7,0.0216
S005,2025-10-01,421736811,194496,6504.03,0.713,0.06,0.227,8,10,450.6,0.0271
S005,2025-11-01,446238918,325330,6996.13,0.689,0.068,0.243,8,10,469.0,0.0235
S005,2025-12-01,638777075,428011,8499.57,0.694,0.035,0.271,8,10,468.9,0.0224
S006,2024-01-01,24171235,8423,200.91,0.258,0.05,0.692,1,2,390.9,0.0243
S006,2024-02-01,23947445,14967,258.58,0.24,0.087,0.673,1,2,413.2,0.025
S006,2024-03-01,28386445,9486,329.91,0.246,0.097,0.657,1,2,364.7,0.0143
S006,2024-04-01,51442296,18648,376.66,0.293,0.03,0.677,2,2,423.9,0.0132
S006,2024-05-01,85802396,28846,408.93,0.269,0.0,0.731,2,2,480.8,0.0102
S006,2024-06-01,66084326,22963,464.7,0.23,0.038,0.732,2,2,376.9,0.0123
S006,2024-07-01,44245764,20023,477.23,0.255,0.084,0.661,2,3,493.5,0.0141
S006,2024-08-01,63777138,22691,548.74,0.226,0.06,0.714,2,3,519.2,0.0118
S006,2024-09-01,267219878,105112,2702.13,0.228,0.08,0.692,3,4,477.4,0.0152
S006,2024-10-01,531070112,520994,3252.27,0.255,0.021,0.724,3,4,365.0,0.0277
S006,2024-11-01,777511824,359124,3840.91,0.255,0.005,0.74,4,5,379.6,0.0125
S006,2024-12-01,558569657,205250,4025.05,0.29,0.029,0.681,4,5,529.8,0.0142
S006,2025-01-01,339284577,122561,4224.09,0.21,0.115,0.675,4,5,431.3,0.0224
S006,2025-02-01,548875613,185907,4506.27,0.293,0.042,0.665,5,5,512.2,0.0276
S006,2025-03-01,412366486,144101,4252.32,0.274,0.074,0.652,5,6,510.4,0.0273
S006,2025-04-01,1015965456,835366,7402.32,0.227,0.042,0.731,6,7,524.4,0.0272
S006,2025-05-01,890859057,553197,7440.45,0.282,0.046,0.672,6,7,509.1,0.0146
S006,2025-06-01,556366423,203893,7532.09,0.219,0.128,0.653,6,7,543.4,0.0156
S006,2025-07-01,1129551712,545036,8769.84,0.24,0.046,0.714,7,8,537.8,0.0123
S006,2025-08-01,1348773905,881014,8958.56,0.218,0.035,0.747,7,8,371.7,0.0187
S006,2025-09-01,1136495817,561830,8680.56,0.231,0.046,0.723,7,8,427.0,0.0215
S006,2025-10-01,901362531,316139,7922.98,0.271,0.054,0.675,7,8,457.7,0.0244
S006,2025-11-01,1620207003,1421299,8755.6,0.267,0.009,0.724,7,8,482.8,0.0166
S006,2025-12-01,1321280722,825467,9917.53,0.285,0.034,0.681,7,8,411.9,0.0182
S007,2024-01-01,36246529,16246,757.77,0.74,0.129,0.131,2,2,410.2,0.021
S007,2024-02-01,45292485,23467,753.4,0.789,0.062,0.149,2,3,438.4,0.0143
S007,2024-03-01,54579639,26874,911.81,0.847,0.052,0.101,2,1,476.6,0.0167
S007,2024-04-01,51375465,48982,894.04,0.828,0.065,0.107,2,2,399.0,0.0195
S007,2024-05-01,45480844,22869,741.16,0.786,0.058,0.156,2,2,398.8,0.0231
S007,2024-06-01,51973434,38448,911.51,0.843,0.064,0.093,2,2,541.6,0.0204
S007,2024-07-01,25536672,8581,367.63,0.793,0.031,0.176,3,3,469.1,0.029
S007,2024-08-01,29035092,10390,397.61,0.801,0.02,0.179,2,2,498.7,0.0195
S007,2024-09-01,64417559,41581,896.18,0.843,0.015,0.142,2,3,365.5,0.0157
S007,2024-10-01,40640020,16843,913.91,0.742,0.15,0.108,2,3,362.8,0.0182
S007,2024-11-01,42947233,15827,864.36,0.753,0.116,0.131,1,2,503.1,0.0176
S007,2024-12-01,67551484,27074,844.93,0.822,0.0,0.178,3,2,459.2,0.0221
S007,2025-01-01,37876611,15470,812.76,0.79,0.127,0.083,2,2,518.1,0.0284
S007,2025-02-01,71258306,61014,920.23,0.851,0.0,0.149,1,3,435.7,0.0273
S007,2025-03-01,45341629,29130,847.44,0.772,0.093,0.135,2,2,540.2,0.0184
S007,2025-04-01,50721479,22050,924.96,0.84,0.074,0.086,2,2,506.2,0.023
S007,2025-05-01,45352815,36211,1079.94,0.752,0.166,0.082,2,2,483.9,0.0213
S007,2025-06-01,59465298,23268,1012.1,0.843,0.057,0.1,1,2,382.8,0.0162
S007,2025-07-01,32772226,28448,453.9,0.865,0.01,0.125,2,3,488.1,0.0225
S007,2025-08-01,25911628,15292,492.58,0.816,0.089,0.095,1,2,435.7,0.0174
S007,2025-09-01,62080907,25710,1059.85,0.852,0.056,0.092,2,2,437.1,0.0247
S007,2025-10-01,64470287,41951,1059.12,0.806,0.056,0.138,3,2,520.3,0.0266
S007,2025-11-01,57780272,34541,1120.71,0.759,0.105,0.136,2,2,448.9,0.0165
S007,2025-12-01,46544435,22042,972.96,0.761,0.125,0.114,2,2,453.3,0.0138
S008,2024-01-01,33415296,17620,583.3,0.483,0.131,0.386,2,2,353.4,0.0159
S008,2024-02-01,37043978,21951,556.77,0.5,0.095,0.405,3,2,549.3,0.021
S008,2024-03-01,30226231,18531,596.97,0.446,0.169,0.385,2,3,498.6,0.029
S008,2024-04-01,36146812,16478,556.88,0.511,0.098,0.391,3,2,546.1,0.0267
S008,2024-05-01,40682440,37288,589.16,0.445,0.098,0.457,2,2,360.9,0.0158
S008,2024-06-01,37995625,24221,653.9,0.513,0.122,0.365,3,1,445.7,0.0168
S008,2024-07-01,36894366,18600,594.07,0.529,0.104,0.367,2,1,465.4,0.0237
S008,2024-08-01,44814186,21177,699.91,0.542,0.095,0.363,1,2,433.2,0.0219
S008,2024-09-01,60357031,20253,701.11,0.457,0.057,0.486,3,2,411.1,0.0224
S008,2024-10-01,49140927,21173,702.03,0.542,0.077,0.381,2,2,381.4,0.0135
S008,2024-11-01,38417009,26259,554.51,0.468,0.093,0.439,1,2,491.4,0.0241
S008,2024-12-01,81619172,35144,692.95,0.535,0.0,0.465,3,3,536.7,0.0185
S008,2025-01-01,81991944,61562,691.52,0.531,0.0,0.469,1,1,411.5,0.025
S008,2025-02-01,38342912,13288,626.45,0.419,0.128,0.453,2,3,450.1,0.0199
S008,2025-03-01,32518595,27496,573.89,0.465,0.137,0.398,1,2,542.4,0.0267
S008,2025-04-01,87768633,81232,763.59,0.55,0.0,0.45,3,2,501.3,0.0194
S008,2025-05-01,45148156,15366,766.07,0.427,0.135,0.438,2,3,444.0,0.0182
S008,2025-06-01,31556972,13571,601.85,0.424,0.164,0.412,2,2,430.1,0.0252
S008,2025-07-01,27591866,10412,594.94,0.438,0.195,0.367,3,2,350.2,0.0274
S008,2025-08-01,43734282,17355,592.07,0.478,0.079,0.443,2,2,390.7,0.021
S008,2025-09-01,39201206,15085,684.77,0.505,0.127,0.368,3,3,492.0,0.0162
S008,2025-10-01,49067416,16954,673.99,0.434,0.09,0.476,2,1,479.5,0.0131
S008,2025-11-01,46882134,31518,663.48,0.506,0.082,0.412,2,2,460.3,0.0177
S008,2025-12-01,86569436,51537,724.07,0.526,0.0,0.474,2,2,507.5,0.0153
S009,2024-01-01,145140281,69874,436.87,0.096,0.009,0.895,2,2,419.0,0.021
S009,2024-02-01,56310987,38381,368.5,0.1,0.056,0.844,2,2,505.1,0.0109
S009,2024-03-01,222804559,111925,536.96,0.069,0.006,0.925,2,3,357.4,0.02
S009,2024-04-01,280320760,271972,566.81,0.073,0.0,0.927,2,2,378.8,0.0274
S009,2024-05-01,132541574,57634,454.09,0.057,0.022,0.921,2,2,520.4,0.027
S009,2024-06-01,98753093,92137,510.16,0.102,0.037,0.861,3,2,363.7,0.0226
S009,2024-07-01,224297689,118842,619.51,0.073,0.01,0.917,1,1,488.8,0.0281
S009,2024-08-01,78565692,38095,582.49,0.067,0.074,0.859,2,2,463.2,0.0259
S009,2024-09-01,206002337,72904,465.57,0.09,0.0,0.91,2,2,378.6,0.0192
S009,2024-10-01,341295496,259352,890.78,0.115,0.0,0.885,3,3,438.3,0.0169
S009,2024-11-01,232074296,85741,1172.44,0.115,0.033,0.852,2,2,371.3,0.0176
S009,2024-12-01,104135494,102475,762.06,0.113,0.064,0.823,2,2,523.0,0.0256
S009,2025-01-01,191627032,73593,500.15,0.115,0.0,0.885,3,2,393.8,0.0138
S009,2025-02-01,93014223,57491,480.7,0.044,0.048,0.908,1,1,438.2,0.0216
S009,2025-03-01,93435399,73901,486.61,0.105,0.037,0.858,2,2,457.9,0.0294
S009,2025-04-01,211582920,84866,627.98,0.056,0.016,0.928,2,2,417.7,0.0123
S009,2025-05-01,201258587,68582,508.38,0.109,0.0,0.891,2,3,510.9,0.0173
S009,2025-06-01,106435854,49068,493.86,0.075,0.035,0.89,2,3,514.5,0.0288
S009,2025-07-01,76173136,26911,528.95,0.118,0.058,0.824,2,2,394.3,0.0113
S009,2025-08-01,91384811,31593,655.59,0.071,0.07,0.859,1,2,410.9,0.0199
S009,2025-09-01,76314009,41514,647.75,0.075,0.087,0.838,3,3,498.5,0.0131
S009,2025-10-01,378738493,264014,1097.58,0.125,0.002,0.873,2,1,438.9,0.0147
S009,2025-11-01,600239800,386811,1373.35,0.092,0.0,0.908,2,1,543.6,0.029
S009,2025-12-01,260507376,175173,709.1,0.123,0.0,0.877,2,1,375.2,0.0213
S010,2024-01-01,69690155,27343,641.29,0.052,0.101,0.847,1,2,507.7,0.0219
S010,2024-02-01,317614433,136778,677.79,0.081,0.0,0.919,1,2,355.2,0.0103
S010,2024-03-01,66325613,26707,551.7,0.047,0.09,0.863,1,1,455.2,0.0249
S010,2024-04-01,94204108,32587,650.2,0.041,0.072,0.887,1,2,358.7,0.0257
S010,2024-05-01,221586736,82233,612.47,0.126,0.0,0.874,1,1,435.3,0.0122
S010,2024-06-01,310943744,248281,603.85,0.062,0.001,0.937,1,2,474.9,0.0217
S010,2024-07-01,119379614,64168,597.85,0.059,0.043,0.898,2,2,508.6,0.0123
S010,2024-08-01,265066136,95478,695.53,0.116,0.0,0.884,1,2,432.8,0.0265
S010,2024-09-01,87562544,30119,667.75,0.061,0.078,0.861,1,2,487.4,0.0195
S010,2024-10-01,140326943,66419,541.94,0.104,0.019,0.877,1,2,467.3,0.0212
S010,2024-11-01,107462678,36591,547.63,0.097,0.037,0.866,1,2,470.1,0.017
S010,2024-12-01,117330905,43605,567.41,0.052,0.042,0.906,1,1,423.5,0.0253
S010,2025-01-01,253041012,107679,681.69,0.121,0.0,0.879,2,2,461.3,0.0222
S010,2025-02-01,62759421,36872,665.5,0.057,0.119,0.824,1,2,386.3,0.0129
S010,2025-03-01,203841922,142520,552.0,0.122,0.0,0.878,2,1,434.0,0.0168
S010,2025-04-01,306433551,233711,675.38,0.086,0.0,0.914,1,1,500.9,0.011
S010,2025-05-01,128711074,89936,616.53,0.091,0.034,0.875,1,2,452.5,0.0169
S010,2025-06-01,179855714,124809,655.03,0.083,0.02,0.897,1,2,546.9,0.0111
S010,2025-07-01,285311112,230095,700.72,0.104,0.0,0.896,1,2,449.5,0.0186
S010,2025-08-01,89209372,77969,619.11,0.086,0.064,0.85,1,3,522.4,0.0108
S010,2025-09-01,309749613,128048,682.69,0.086,0.0,0.914,1,2,433.5,0.0123
S010,2025-10-01,251200376,213558,567.71,0.09,0.0,0.91,1,3,518.9,0.0149
S010,2025-11-01,88141221,52901,606.94,0.061,0.068,0.871,1,2,383.6,0.0202
S010,2025-12-01,313728935,213053,599.22,0.065,0.0,0.935,1,3,379.3,0.0139
S011,2024-01-01,84157864,43652,433.41,0.048,0.047,0.905,1,1,462.7,0.0216
S011,2024-02-01,164159390,60164,451.44,0.125,0.0,0.875,1,1,475.4,0.013
S011,2024-03-01,49576427,29096,393.64,0.057,0.083,0.86,1,1,364.8,0.0192
S011,2024-04-01,64798773,29057,380.24,0.094,0.048,0.858,1,1,451.4,0.0193
S011,2024-05-01,212201133,92114,432.04,0.074,0.0,0.926,2,1,414.3,0.0195
S011,2024-06-01,55557581,18739,342.12,0.12,0.047,0.833,1,1,366.9,0.0229
S011,2024-07-01,195039007,148038,413.48,0.08,0.0,0.92,2,1,424.6,0.0157
S011,2024-08-01,147329360,130169,370.09,0.108,0.0,0.892,1,1,368.9,0.0236
S011,2024-09-01,155807086,93481,413.2,0.118,0.0,0.882,1,1,466.5,0.0128
S011,2024-10-01,127810123,52865,440.43,0.069,0.02,0.911,2,1,366.9,0.0212
S011,2024-11-01,52205568,43984,368.68,0.1,0.063,0.837,2,1,484.1,0.0202
S011,2024-12-01,190836716,137886,361.83,0.064,0.0,0.936,1,1,550.0,0.0131
S011,2025-01-01,94470464,87839,415.29,0.084,0.03,0.886,2,1,417.4,0.0253
S011,2025-02-01,60938247,23275,364.78,0.113,0.046,0.841,2,1,383.1,0.0188
S011,2025-03-01,52538566,20975,398.56,0.074,0.075,0.851,1,1,506.8,0.0147
S011,2025-04-01,163448839,94169,428.89,0.116,0.0,0.884,1,1,539.4,0.0297
S011,2025-05-01,61600751,23388,351.99,0.083,0.048,0.869,1,1,510.3,0.0128
S011,2025-06-01,179429295,74058,390.44,0.084,0.0,0.916,1,1,453.2,0.0125
S011,2025-07-01,65346565,55218,332.88,0.081,0.04,0.879,1,1,532.1,0.0263
S011,2025-08-01,69264976,47069,424.18,0.07,0.056,0.874,1,1,548.9,0.0175
S011,2025-09-01,182042788,142756,419.06,0.093,0.0,0.907,1,1,407.4,0.0266
S011,2025-10-01,110721719,39378,333.49,0.075,0.013,0.912,1,1,353.8,0.0143
S011,2025-11-01,101062877,68504,419.82,0.072,0.029,0.899,1,1,374.4,0.0148
S011,2025-12-01,56166374,25606,386.87,0.114,0.058,0.828,1,1,353.3,0.0203
S012,2024-01-01,27064905,14764,442.19,0.789,0.058,0.153,3,2,482.9,0.0117
S012,2024-02-01,26717317,25673,436.19,0.804,0.055,0.141,3,2,524.7,0.0109
S012,2024-03-01,30794951,20775,479.54,0.84,0.038,0.122,2,1,481.4,0.0121
S012,2024-04-01,25054423,9416,537.12,0.741,0.136,0.123,2,2,486.9,0.0296
S012,2024-05-01,24729900,15583,449.99,0.742,0.092,0.166,1,2,358.8,0.014
S012,2024-06-01,45241565,30028,553.21,0.802,0.0,0.198,2,2,500.7,0.0138
S012,2024-07-01,35995136,19208,527.47,0.859,0.022,0.119,2,1,430.0,0.0188
S012,2024-08-01,26112592,17028,468.41,0.75,0.087,0.163,3,2,366.5,0.0185
S012,2024-09-01,26123866,15776,562.97,0.749,0.136,0.115,1,1,409.1,0.0189
S012,2024-10-01,25144344,11276,443.14,0.791,0.075,0.134,2,3,437.0,0.0228
S012,2024-11-01,27149197,9343,429.88,0.827,0.044,0.129,2,2,378.6,0.0222
S012,2024-12-01,23408885,13257,429.27,0.731,0.096,0.173,2,2,463.4,0.0221
S012,2025-01-01,36535605,17745,567.98,0.78,0.049,0.171,2,2,429.6,0.023
S012,2025-02-01,30523783,24705,438.32,0.838,0.022,0.14,3,2,505.0,0.0241
S012,2025-03-01,41277079,32464,507.05,0.806,0.0,0.194,1,2,364.8,0.0135
S012,2025-04-01,45783293,18925,566.25,0.812,0.0,0.188,2,2,460.0,0.0158
S012,2025-05-01,34199578,16951,438.58,0.834,0.002,0.164,2,2,374.3,0.014
S012,2025-06-01,25363085,9727,524.56,0.724,0.129,0.147,2,2,460.3,0.0222
S012,2025-07-01,35099575,13827,448.36,0.841,0.0,0.159,2,2,514.7,0.0115
S012,2025-08-01,32398260,11755,501.91,0.792,0.046,0.162,2,2,506.1,0.0228
S012,2025-09-01,39879320,19585,542.36,0.789,0.021,0.19,1,1,410.8,0.0132
S012,2025-10-01,33852618,22550,441.44,0.86,0.0,0.14,1,2,477.0,0.021
S012,2025-11-01,27456476,9522,446.61,0.805,0.054,0.141,3,2,380.8,0.0232
S012,2025-12-01,38009587,34841,491.92,0.853,0.0,0.147,1,1,478.3,0.0215
S013,2024-01-01,22845577,8223,326.14,0.462,0.092,0.446,1,1,459.1,0.0228
S013,2024-02-01,20842809,18188,277.75,0.521,0.068,0.411,1,1,362.0,0.0188
S013,2024-03-01,16983264,6880,274.48,0.491,0.112,0.397,1,1,522.2,0.0295
S013,2024-04-01,17379662,13959,286.9,0.484,0.118,0.398,1,1,439.9,0.0128
S013,2024-05-01,26313324,10016,334.49,0.53,0.058,0.412,1,1,536.8,0.0244
S013,2024-06-01,23950702,12006,262.98,0.549,0.031,0.42,1,1,368.0,0.0179
S013,2024-07-01,14004979,7038,270.32,0.488,0.155,0.357,1,1,526.5,0.0231
S013,2024-08-01,23416051,9538,296.68,0.527,0.058,0.415,1,1,502.8,0.0173
S013,2024-09-01,17385535,9807,299.34,0.429,0.138,0.433,1,1,440.1,0.021
S013,2024-10-01,16924000,9466,307.58,0.492,0.139,0.369,1,1,509.0,0.0168
S013,2024-11-01,18337927,16971,324.14,0.43,0.144,0.426,2,1,357.8,0.0243
S013,2024-12-01,22087659,13338,306.22,0.422,0.094,0.484,1,1,472.6,0.0133
S013,2025-01-01,17741807,8593,331.77,0.445,0.155,0.4,2,1,491.7,0.016
S013,2025-02-01,36845594,22809,300.73,0.501,0.002,0.497,2,1,529.8,0.0274
S013,2025-03-01,20979763,9734,324.1,0.44,0.112,0.448,2,1,494.3,0.0217
S013,2025-04-01,31831151,12042,324.55,0.493,0.031,0.476,1,1,398.4,0.0215
S013,2025-05-01,17340898,7283,285.74,0.466,0.121,0.413,1,1,432.1,0.0255
S013,2025-06-01,20005946,9819,355.31,0.51,0.13,0.36,1,1,462.2,0.03
S013,2025-07-01,26966310,16007,308.17,0.544,0.038,0.418,2,1,420.9,0.0254
S013,2025-08-01,27931685,9583,336.63,0.504,0.054,0.442,1,1,405.8,0.016
S013,2025-09-01,36170147,22134,375.08,0.516,0.029,0.455,1,1,419.8,0.0287
S013,2025-10-01,18742371,6714,308.72,0.418,0.13,0.452,1,1,428.9,0.0169
S013,2025-11-01,21238567,12546,299.12,0.406,0.1,0.494,1,1,438.5,0.0151
S013,2025-12-01,30882861,24230,305.12,0.481,0.029,0.49,1,1,473.1,0.0217
S014,2024-01-01,31365670,17171,473.06,0.805,0.038,0.157,1,1,493.5,0.012
S014,2024-02-01,31634535,16182,389.48,0.808,0.0,0.192,2,2,389.9,0.0293
S014,2024-03-01,29247081,14126,478.66,0.865,0.044,0.091,2,2,494.6,0.0287
S014,2024-04-01,26618205,10333,422.32,0.861,0.038,0.101,2,1,387.3,0.025
S014,2024-05-01,19547939,6842,446.79,0.726,0.158,0.116,1,2,417.0,0.0191
S014,2024-06-01,30061091,19448,486.27,0.862,0.042,0.096,2,2,511.8,0.0166
S014,2024-07-01,27174565,12724,511.75,0.835,0.083,0.082,2,2,501.5,0.0135
S014,2024-08-01,41770891,17862,558.56,0.852,0.006,0.142,2,1,387.0,0.0128
S014,2024-09-01,21732138,13549,462.63,0.762,0.13,0.108,2,2,494.6,0.0102
S014,2024-10-01,22111846,12210,536.08,0.73,0.176,0.094,2,2,450.5,0.0279
S014,2024-11-01,29203541,13100,484.78,0.739,0.071,0.19,2,2,393.8,0.0127
S014,2024-12-01,33666803,13387,550.79,0.817,0.053,0.13,2,2,510.4,0.0265
S014,2025-01-01,41748465,20302,548.99,0.815,0.01,0.175,2,2,422.4,0.0283
S014,2025-02-01,37043850,27871,570.1,0.864,0.031,0.105,2,2,520.9,0.0188
S014,2025-03-01,42406301,22238,560.1,0.798,0.014,0.188,1,2,452.6,0.0191
S014,2025-04-01,40712073,15462,517.21,0.836,0.0,0.164,2,2,499.2,0.0216
S014,2025-05-01,30101876,28305,495.9,0.73,0.071,0.199,2,1,431.8,0.0254
S014,2025-06-01,37944489,13852,604.3,0.823,0.046,0.131,2,2,531.4,0.0175
S014,2025-07-01,37756485,27824,561.59,0.806,0.035,0.159,1,2,457.5,0.0206
S014,2025-08-01,19411060,8270,498.32,0.721,0.197,0.082,2,2,458.9,0.0206
S014,2025-09-01,25387852,23851,511.26,0.775,0.112,0.113,1,3,482.0,0.0223
S014,2025-10-01,27485930,14520,630.75,0.759,0.153,0.088,1,2,484.4,0.0274
S014,2025-11-01,28913092,14400,487.76,0.79,0.065,0.145,2,1,407.9,0.0263
S014,2025-12-01,38190643,23816,542.31,0.816,0.024,0.16,2,2,378.7,0.0232
S015,2024-01-01,23314479,10352,327.62,0.409,0.099,0.492,1,1,435.4,0.0199
S015,2024-02-01,38979915,16291,401.8,0.501,0.031,0.468,1,1,431.7,0.016
S015,2024-03-01,17473148,6690,356.87,0.436,0.18,0.384,1,1,532.9,0.0212
S015,2024-04-01,17266489,10398,365.39,0.42,0.193,0.387,1,1,365.8,0.019
S015,2024-05-01,21274210,9063,363.11,0.524,0.118,0.358,1,1,470.6,0.0275
S015,2024-06-01,31035444,21890,385.4,0.509,0.058,0.433,1,1,531.4,0.0161
S015,2024-07-01,21904111,7743,331.76,0.429,0.11,0.461,1,1,489.1,0.0241
S015,2024-08-01,17599494,8513,335.06,0.448,0.159,0.393,1,1,421.9,0.0152
S015,2024-09-01,27381727,10851,364.78,0.415,0.088,0.497,1,1,414.0,0.0141
S015,2024-10-01,34648298,22771,314.81,0.53,0.009,0.461,1,1,537.0,0.0216
S015,2024-11-01,18224274,9118,326.98,0.449,0.144,0.407,1,1,480.9,0.0237
S015,2024-12-01,42916460,22333,398.95,0.545,0.009,0.446,1,1,496.6,0.017
S015,2025-01-01,26986285,13177,366.42,0.428,0.089,0.483,1,1,517.8,0.0115
S015,2025-02-01,13482812,11869,316.66,0.401,0.228,0.371,1,1,380.2,0.0144
S015,2025-03-01,35503461,15312,318.82,0.496,0.014,0.49,1,1,353.1,0.0206
S015,2025-04-01,24902948,24077,314.42,0.508,0.061,0.431,1,1,512.6,0.0235
S015,2025-05-01,18109081,12219,418.39,0.416,0.22,0.364,1,1,474.0,0.015
S015,2025-06-01,29540029,13868,405.41,0.412,0.094,0.494,1,1,548.0,0.0145
S015,2025-07-01,42923085,36160,415.24,0.498,0.023,0.479,1,1,425.9,0.0211
S015,2025-08-01,17658551,7711,317.68,0.426,0.149,0.425,1,1,416.3,0.0295
S015,2025-09-01,29656161,15200,424.2,0.538,0.078,0.384,2,1,359.3,0.0115
S015,2025-10-01,21916237,21250,431.84,0.485,0.161,0.354,1,1,391.4,0.0129
S015,2025-11-01,31908010,21545,428.52,0.539,0.066,0.395,2,1,516.9,0.0178
S015,2025-12-01,22489575,11235,377.06,0.513,0.116,0.371,1,1,544.9,0.0111
S016,2024-01-01,28211932,10537,493.71,0.65,0.1,0.25,2,3,418.1,0.0254
S016,2024-02-01,49872991,27809,872.78,0.65,0.1,0.25,3,3,504.7,0.0106
S016,2024-03-01,56156788,18811,1050.13,0.63,0.12,0.25,3,4,448.1,0.0171
S016,2024-04-01,90685714,48659,1523.52,0.6,0.1,0.3,4,4,485.9,0.0232
S016,2024-05-01,101771279,45489,1559.14,0.6,0.08,0.32,4,5,509.6,0.0243
S016,2024-06-01,121760450,93057,1741.17,0.58,0.07,0.35,4,5,492.3,0.0227
S016,2024-07-01,169021138,103480,2095.86,0.55,0.05,0.4,4,5,371.3,0.0101
S016,2024-08-01,172604472,100361,2019.47,0.5,0.05,0.45,4,5,404.0,0.0127
S016,2024-09-01,201951119,106419,1781.21,0.4,0.03,0.57,4,5,460.9,0.0182
S016,2024-10-01,230378599,134895,1538.93,0.3,0.02,0.68,3,4,368.6,0.022
S016,2024-11-01,276207843,156007,1447.33,0.25,0.01,0.74,3,4,408.4,0.0178
S016,2024-12-01,242362970,86488,1100.33,0.2,0.01,0.79,3,3,531.0,0.0296
S016,2025-01-01,259361612,193674,912.95,0.18,0.0,0.82,2,3,426.1,0.0128
S016,2025-02-01,216825282,109163,672.16,0.15,0.0,0.85,2,3,362.7,0.0187
S016,2025-03-01,174619760,88708,541.32,0.15,0.0,0.85,2,2,365.4,0.015
S016,2025-04-01,159400412,70842,427.19,0.12,0.0,0.88,2,2,468.8,0.0139
S016,2025-05-01,145887458,90651,350.13,0.1,0.0,0.9,2,2,539.8,0.0166
S016,2025-06-01,136538458,52350,327.69,0.1,0.0,0.9,1,2,415.9,0.0167
S016,2025-07-01,124027760,45614,297.67,0.1,0.0,0.9,1,1,544.8,0.0127
S016,2025-08-01,100430524,34696,241.03,0.1,0.0,0.9,1,1,390.2,0.0163
S016,2025-09-01,113415699,38610,240.44,0.08,0.0,0.92,1,1,408.3,0.0239
S016,2025-10-01,94169949,43764,199.64,0.08,0.0,0.92,1,1,398.5,0.0175
S016,2025-11-01,90280095,50552,191.39,0.08,0.0,0.92,1,1,372.8,0.0213
S016,2025-12-01,95853685,45835,162.95,0.05,0.0,0.95,1,1,486.3,0.021
S017,2024-01-01,45128314,23464,654.36,0.7,0.05,0.25,2,2,491.7,0.0188
S017,2024-02-01,68663387,28781,958.27,0.677,0.047,0.276,3,3,513.8,0.0259
S017,2024-03-01,95166777,47616,1276.38,0.654,0.044,0.302,3,3,476.7,0.0148
S017,2024-04-01,120267243,49483,1547.6,0.631,0.041,0.328,3,3,507.8,0.0115
S017,2024-05-01,124890022,63769,1537.4,0.607,0.038,0.355,3,3,430.2,0.0201
S017,2024-06-01,109872814,46098,1300.89,0.584,0.036,0.38,3,3,458.7,0.0258
S017,2024-07-01,86146596,30865,971.91,0.56,0.033,0.407,2,2,457.4,0.0228
S017,2024-08-01,76957921,30323,825.3,0.536,0.03,0.434,2,2,481.5,0.0171
S017,2024-09-01,81007276,74414,823.52,0.512,0.027,0.461,2,2,546.7,0.0235
S017,2024-10-01,71393264,28496,685.95,0.488,0.024,0.488,2,2,543.1,0.0186
S017,2024-11-01,64792398,42697,586.37,0.464,0.021,0.515,2,2,452.1,0.0204
S017,2024-12-01,69399449,32271,589.34,0.44,0.018,0.542,2,2,439.2,0.0178
S017,2025-01-01,69232776,31799,548.32,0.415,0.015,0.57,1,1,450.1,0.0169
S017,2025-02-01,57225703,47329,416.26,0.39,0.011,0.599,1,1,433.2,0.0292
S017,2025-03-01,55100797,19123,369.29,0.365,0.008,0.627,1,1,378.3,0.0162
S017,2025-04-01,58202928,41169,356.78,0.34,0.005,0.655,1,1,446.6,0.0195
S017,2025-05-01,56862652,23756,316.04,0.315,0.002,0.683,1,1,413.8,0.016
S017,2025-06-01,58931908,47905,297.37,0.289,0.0,0.711,1,1,519.8,0.023
S017,2025-07-01,55287690,41610,258.86,0.263,0.0,0.737,1,1,546.8,0.0149
S017,2025-08-01,49797324,37717,215.02,0.237,0.0,0.763,1,1,462.0,0.0292
S017,2025-09-01,50262502,27767,198.74,0.211,0.0,0.789,1,1,386.9,0.0228
S017,2025-10-01,52410824,49519,187.42,0.184,0.0,0.816,1,1,472.8,0.0139
S017,2025-11-01,53902524,30321,173.13,0.158,0.0,0.842,1,1,490.9,0.0141
S017,2025-12-01,49927048,19074,157.57,0.154,0.0,0.846,1,1,362.5,0.012
S018,2024-01-01,10326935,5392,191.65,0.53,0.137,0.333,1,2,402.5,0.0273
S018,2024-02-01,20912998,9409,409.31,0.502,0.156,0.342,2,2,467.4,0.017
S018,2024-03-01,32483048,13467,645.18,0.528,0.155,0.317,2,3,409.5,0.0223
S018,2024-04-01,41455353,25736,726.63,0.467,0.135,0.398,3,3,386.6,0.0239
S018,2024-05-01,45915400,25978,867.43,0.501,0.147,0.352,3,3,387.2,0.0227
S018,2024-06-01,56696157,26872,1119.98,0.515,0.156,0.329,3,3,447.9,0.0128
S018,2024-07-01,50021878,29115,937.51,0.485,0.148,0.367,3,3,351.9,0.0127
S018,2024-08-01,52811451,26539,1101.44,0.525,0.169,0.306,3,3,486.9,0.0183
S018,2024-09-01,72791958,68560,989.83,0.477,0.08,0.443,3,3,502.2,0.0158
S018,2024-10-01,73680135,38482,966.39,0.432,0.082,0.486,3,3,498.5,0.0253
S018,2024-11-01,74585697,29246,907.41,0.454,0.065,0.481,2,2,514.7,0.0173
S018,2024-12-01,81613409,38998,999.93,0.476,0.062,0.462,2,2,548.0,0.012
S018,2025-01-01,56459970,18828,808.73,0.476,0.09,0.434,2,2,439.9,0.017
S018,2025-02-01,113772869,44594,782.98,0.325,0.018,0.657,2,2,397.4,0.0262
S018,2025-03-01,91225058,40266,577.82,0.307,0.014,0.679,2,2,383.2,0.0128
S018,2025-04-01,73566845,43233,402.41,0.277,0.008,0.715,1,2,406.2,0.0208
S018,2025-05-01,46962124,30600,332.3,0.286,0.028,0.686,1,1,521.6,0.0297
S018,2025-06-01,54655354,21255,311.1,0.314,0.004,0.682,1,1,533.8,0.0298
S018,2025-07-01,41868733,27924,250.21,0.329,0.005,0.666,1,1,492.3,0.0266
S018,2025-08-01,26627605,12357,199.49,0.321,0.027,0.652,1,1,403.7,0.0183
S018,2025-09-01,28084272,23676,196.42,0.296,0.025,0.679,1,1,453.1,0.0156
S018,2025-10-01,26072023,15757,177.29,0.335,0.015,0.65,1,1,350.5,0.0255
S018,2025-11-01,18208604,7820,138.6,0.319,0.029,0.652,1,1,421.6,0.0113
S018,2025-12-01,19968470,14025,117.97,0.303,0.009,0.688,1,1,403.7,0.0266
S019,2024-01-01,30092914,15270,405.29,0.584,0.058,0.358,1,2,418.7,0.0237
S019,2024-02-01,36615440,19078,686.91,0.555,0.135,0.31,2,2,374.8,0.0272
S019,2024-03-01,54071410,38494,927.87,0.594,0.106,0.3,2,3,487.7,0.0126
S019,2024-04-01,73834269,47695,1086.55,0.615,0.069,0.316,3,3,480.9,0.015
S019,2024-05-01,94635397,52789,1026.42,0.587,0.022,0.391,3,3,411.1,0.024
S019,2024-06-01,80731130,80556,1092.78,0.573,0.061,0.366,3,3,445.4,0.0127
S019,2024-07-01,67363115,28171,901.86,0.573,0.059,0.368,3,2,513.4,0.0298
S019,2024-08-01,53220822,30133,868.46,0.592,0.095,0.313,2,2,496.2,0.012
S019,2024-09-01,0,0,0.0,0.0,0.0,0.0,0,0,0.0,0.0
S019,2024-10-01,0,0,0.0,0.0,0.0,0.0,0,0,0.0,0.0
S019,2024-11-01,0,0,0.0,0.0,0.0,0.0,0,0,0.0,0.0
S019,2024-12-01,0,0,0.0,0.0,0.0,0.0,0,0,0.0,0.0
S019,2025-01-01,0,0,0.0,0.0,0.0,0.0,0,0,0.0,0.0
S019,2025-02-01,0,0,0.0,0.0,0.0,0.0,0,0,0.0,0.0
S019,2025-03-01,0,0,0.0,0.0,0.0,0.0,0,0,0.0,0.0
S019,2025-04-01,0,0,0.0,0.0,0.0,0.0,0,0,0.0,0.0
S019,2025-05-01,0,0,0.0,0.0,0.0,0.0,0,0,0.0,0.0
S019,2025-06-01,0,0,0.0,0.0,0.0,0.0,0,0,0.0,0.0
S019,2025-07-01,0,0,0.0,0.0,0.0,0.0,0,0,0.0,0.0
S019,2025-08-01,0,0,0.0,0.0,0.0,0.0,0,0,0.0,0.0
S019,2025-09-01,0,0,0.0,0.0,0.0,0.0,0,0,0.0,0.0
S019,2025-10-01,0,0,0.0,0.0,0.0,0.0,0,0,0.0,0.0
S019,2025-11-01,0,0,0.0,0.0,0.0,0.0,0,0,0.0,0.0
S019,2025-12-01,0,0,0.0,0.0,0.0,0.0,0,0,0.0,0.0
S020,2024-01-01,25528831,10023,273.87,0.531,0.031,0.438,1,2,500.6,0.0127
S020,2024-02-01,41797592,41100,503.66,0.599,0.036,0.365,2,2,480.0,0.0188
S020,2024-03-01,63395024,34767,641.43,0.572,0.015,0.413,2,2,487.3,0.0272
S020,2024-04-01,50589164,23215,901.5,0.509,0.131,0.36,2,3,426.8,0.0293
S020,2024-05-01,52568811,44988,851.83,0.531,0.105,0.364,3,3,460.7,0.022
S020,2024-06-01,91938055,34104,888.86,0.561,0.011,0.428,3,3,481.7,0.016
S020,2024-07-01,56420089,35460,688.66,0.552,0.047,0.401,2,2,360.9,0.028
S020,2024-08-01,37404473,18710,362.82,0.595,0.005,0.4,2,2,468.8,0.0206
S020,2024-09-01,24552854,19425,220.83,0.571,0.0,0.429,1,1,522.2,0.0214
S020,2024-10-01,5383461,1850,63.78,0.537,0.045,0.418,1,1,504.1,0.0103
S020,2024-11-01,0,0,0.0,0.0,0.0,0.0,0,0,0.0,0.0
S020,2024-12-01,0,0,0.0,0.0,0.0,0.0,0,0,0.0,0.0
S020,2025-01-01,0,0,0.0,0.0,0.0,0.0,0,0,0.0,0.0
S020,2025-02-01,0,0,0.0,0.0,0.0,0.0,0,0,0.0,0.0
S020,2025-03-01,0,0,0.0,0.0,0.0,0.0,0,0,0.0,0.0
S020,2025-04-01,0,0,0.0,0.0,0.0,0.0,0,0,0.0,0.0
S020,2025-05-01,0,0,0.0,0.0,0.0,0.0,0,0,0.0,0.0
S020,2025-06-01,0,0,0.0,0.0,0.0,0.0,0,0,0.0,0.0
S020,2025-07-01,0,0,0.0,0.0,0.0,0.0,0,0,0.0,0.0
S020,2025-08-01,0,0,0.0,0.0,0.0,0.0,0,0,0.0,0.0
S020,2025-09-01,0,0,0.0,0.0,0.0,0.0,0,0,0.0,0.0
S020,2025-10-01,0,0,0.0,0.0,0.0,0.0,0,0,0.0,0.0
S020,2025-11-01,0,0,0.0,0.0,0.0,0.0,0,0,0.0,0.0
S020,2025-12-01,0,0,0.0,0.0,0.0,0.0,0,0,0.0,0.0
S021,2024-01-01,16995577,15161,277.91,0.457,0.121,0.422,1,2,507.9,0.0201
S021,2024-02-01,31921123,13280,591.88,0.513,0.14,0.347,2,2,366.5,0.0207
S021,2024-03-01,56384339,27877,969.59,0.512,0.122,0.366,3,3,390.6,0.0262
S021,2024-04-01,86322851,32342,1532.23,0.504,0.131,0.365,3,4,486.2,0.0113
S021,2024-05-01,110976030,99457,2216.41,0.52,0.158,0.322,4,4,367.2,0.0187
S021,2024-06-01,143203310,57664,2714.56,0.495,0.149,0.356,4,5,498.1,0.0124
S021,2024-07-01,166939523,57445,3311.75,0.521,0.156,0.323,5,5,454.6,0.0257
S021,2024-08-01,236910460,92461,3949.3,0.522,0.113,0.365,5,6,403.8,0.0277
S021,2024-09-01,329378769,213333,5245.69,0.527,0.102,0.371,6,7,362.8,0.0242
S021,2024-10-01,342227002,198940,5460.57,0.508,0.106,0.386,6,7,449.9,0.0213
S021,2024-11-01,0,0,0.0,0.0,0.0,0.0,0,0,0.0,0.0
S021,2024-12-01,0,0,0.0,0.0,0.0,0.0,0,0,0.0,0.0
S021,2025-01-01,0,0,0.0,0.0,0.0,0.0,0,0,0.0,0.0
S021,2025-02-01,0,0,0.0,0.0,0.0,0.0,0,0,0.0,0.0
S021,2025-03-01,0,0,0.0,0.0,0.0,0.0,0,0,0.0,0.0
S021,2025-04-01,0,0,0.0,0.0,0.0,0.0,0,0,0.0,0.0
S021,2025-05-01,0,0,0.0,0.0,0.0,0.0,0,0,0.0,0.0
S021,2025-06-01,0,0,0.0,0.0,0.0,0.0,0,0,0.0,0.0
S021,2025-07-01,0,0,0.0,0.0,0.0,0.0,0,0,0.0,0.0
S021,2025-08-01,0,0,0.0,0.0,0.0,0.0,0,0,0.0,0.0
S021,2025-09-01,0,0,0.0,0.0,0.0,0.0,0,0,0.0,0.0
S021,2025-10-01,0,0,0.0,0.0,0.0,0.0,0,0,0.0,0.0
S021,2025-11-01,0,0,0.0,0.0,0.0,0.0,0,0,0.0,0.0
S021,2025-12-01,0,0,0.0,0.0,0.0,0.0,0,0,0.0,0.0
S022,2024-01-01,5000,2,0.04,0.5,0.0,0.5,1,1,401.0,0.0121
S022,2024-02-01,1800,0,0.01,0.5,0.0,0.5,1,1,494.6,0.0146
S022,2024-03-01,0,0,0.0,0.0,0.0,0.0,0,0,0.0,0.0
S022,2024-04-01,0,0,0.0,0.0,0.0,0.0,0,0,0.0,0.0
S022,2024-05-01,0,0,0.0,0.0,0.0,0.0,0,0,0.0,0.0
S022,2024-06-01,0,0,0.0,0.0,0.0,0.0,0,0,0.0,0.0
S022,2024-07-01,0,0,0.0,0.0,0.0,0.0,0,0,0.0,0.0
S022,2024-08-01,0,0,0.0,0.0,0.0,0.0,0,0,0.0,0.0
S022,2024-09-01,0,0,0.0,0.0,0.0,0.0,0,0,0.0,0.0
S022,2024-10-01,0,0,0.0,0.0,0.0,0.0,0,0,0.0,0.0
S022,2024-11-01,0,0,0.0,0.0,0.0,0.0,0,0,0.0,0.0
S022,2024-12-01,0,0,0.0,0.0,0.0,0.0,0,0,0.0,0.0
S022,2025-01-01,0,0,0.0,0.0,0.0,0.0,0,0,0.0,0.0
S022,2025-02-01,0,0,0.0,0.0,0.0,0.0,0,0,0.0,0.0
S022,2025-03-01,0,0,0.0,0.0,0.0,0.0,0,0,0.0,0.0
S022,2025-04-01,0,0,0.0,0.0,0.0,0.0,0,0,0.0,0.0
S022,2025-05-01,0,0,0.0,0.0,0.0,0.0,0,0,0.0,0.0
S022,2025-06-01,0,0,0.0,0.0,0.0,0.0,0,0,0.0,0.0
S022,2025-07-01,0,0,0.0,0.0,0.0,0.0,0,0,0.0,0.0
S022,2025-08-01,0,0,0.0,0.0,0.0,0.0,0,0,0.0,0.0
S022,2025-09-01,0,0,0.0,0.0,0.0,0.0,0,0,0.0,0.0
S022,2025-10-01,0,0,0.0,0.0,0.0,0.0,0,0,0.0,0.0
S022,2025-11-01,0,0,0.0,0.0,0.0,0.0,0,0,0.0,0.0
S022,2025-12-01,0,0,0.0,0.0,0.0,0.0,0,0,0.0,0.0
S023,2024-01-01,7088,6,0.04,0.3,0.0,0.7,1,1,522.6,0.0149
S023,2024-02-01,0,0,0.0,0.0,0.0,0.0,0,0,0.0,0.0
S023,2024-03-01,6717,3,0.03,0.3,0.0,0.7,1,1,380.0,0.0286
S023,2024-04-01,0,0,0.0,0.0,0.0,0.0,0,0,0.0,0.0
S023,2024-05-01,10574,5,0.05,0.3,0.0,0.7,1,1,532.8,0.0248
S023,2024-06-01,0,0,0.0,0.0,0.0,0.0,0,0,0.0,0.0
S023,2024-07-01,6193,3,0.03,0.3,0.0,0.7,1,1,433.3,0.0244
S023,2024-08-01,0,0,0.0,0.0,0.0,0.0,0,0,0.0,0.0
S023,2024-09-01,4712,4,0.02,0.3,0.0,0.7,1,1,424.6,0.02
S023,2024-10-01,0,0,0.0,0.0,0.0,0.0,0,0,0.0,0.0
S023,2024-11-01,11019,8,0.06,0.3,0.0,0.7,1,1,510.9,0.0296
S023,2024-12-01,0,0,0.0,0.0,0.0,0.0,0,0,0.0,0.0
S023,2025-01-01,11540,10,0.06,0.3,0.0,0.7,1,1,443.0,0.0156
S023,2025-02-01,0,0,0.0,0.0,0.0,0.0,0,0,0.0,0.0
S023,2025-03-01,10448,6,0.05,0.3,0.0,0.7,1,1,460.6,0.0102
S023,2025-04-01,0,0,0.0,0.0,0.0,0.0,0,0,0.0,0.0
S023,2025-05-01,0,0,0.0,0.0,0.0,0.0,0,0,0.0,0.0
S023,2025-06-01,0,0,0.0,0.0,0.0,0.0,0,0,0.0,0.0
S023,2025-07-01,0,0,0.0,0.0,0.0,0.0,0,0,0.0,0.0
S023,2025-08-01,0,0,0.0,0.0,0.0,0.0,0,0,0.0,0.0
S023,2025-09-01,0,0,0.0,0.0,0.0,0.0,0,0,0.0,0.0
S023,2025-10-01,0,0,0.0,0.0,0.0,0.0,0,0,0.0,0.0
S023,2025-11-01,0,0,0.0,0.0,0.0,0.0,0,0,0.0,0.0
S023,2025-12-01,0,0,0.0,0.0,0.0,0.0,0,0,0.0,0.0
